-- MySQL dump 10.13  Distrib 8.0.36, for Win64 (x86_64)
--
-- Host: 192.168.0.60    Database: grnacoes
-- ------------------------------------------------------
-- Server version	8.2.0

/*!40101 SET @OLD_CHARACTER_SET_CLIENT=@@CHARACTER_SET_CLIENT */;
/*!40101 SET @OLD_CHARACTER_SET_RESULTS=@@CHARACTER_SET_RESULTS */;
/*!40101 SET @OLD_COLLATION_CONNECTION=@@COLLATION_CONNECTION */;
/*!50503 SET NAMES utf8 */;
/*!40103 SET @OLD_TIME_ZONE=@@TIME_ZONE */;
/*!40103 SET TIME_ZONE='+00:00' */;
/*!40014 SET @OLD_UNIQUE_CHECKS=@@UNIQUE_CHECKS, UNIQUE_CHECKS=0 */;
/*!40014 SET @OLD_FOREIGN_KEY_CHECKS=@@FOREIGN_KEY_CHECKS, FOREIGN_KEY_CHECKS=0 */;
/*!40101 SET @OLD_SQL_MODE=@@SQL_MODE, SQL_MODE='NO_AUTO_VALUE_ON_ZERO' */;
/*!40111 SET @OLD_SQL_NOTES=@@SQL_NOTES, SQL_NOTES=0 */;

--
-- Table structure for table `cargos`
--

DROP TABLE IF EXISTS `cargos`;
/*!40101 SET @saved_cs_client     = @@character_set_client */;
/*!50503 SET character_set_client = utf8mb4 */;
CREATE TABLE `cargos` (
  `id_cargo` int NOT NULL AUTO_INCREMENT,
  `cargo` varchar(50) NOT NULL,
  `created_at` datetime NOT NULL,
  `updated_at` datetime NOT NULL,
  `deleted_at` datetime DEFAULT NULL,
  PRIMARY KEY (`id_cargo`)
) ENGINE=InnoDB AUTO_INCREMENT=20 DEFAULT CHARSET=utf8mb4 COLLATE=utf8mb4_0900_ai_ci;
/*!40101 SET character_set_client = @saved_cs_client */;

--
-- Dumping data for table `cargos`
--

LOCK TABLES `cargos` WRITE;
/*!40000 ALTER TABLE `cargos` DISABLE KEYS */;
INSERT INTO `cargos` VALUES (1,'Auxiliar de Analista de Suporte Junior','0000-00-00 00:00:00','0000-00-00 00:00:00',NULL),(2,'Analista de Suporte Junior','0000-00-00 00:00:00','0000-00-00 00:00:00',NULL),(3,'Analista de Suporte Pleno','0000-00-00 00:00:00','0000-00-00 00:00:00',NULL),(4,'Analista de Suporte Senior','0000-00-00 00:00:00','0000-00-00 00:00:00',NULL),(6,'Auxiliar de Analista de Suporte Pleno','0000-00-00 00:00:00','0000-00-00 00:00:00',NULL),(7,'Auxiliar de Analista de Suporte Senior','0000-00-00 00:00:00','0000-00-00 00:00:00','2024-04-18 09:59:40'),(8,'Auxiliar de Analista de Suporte Senior','0000-00-00 00:00:00','2024-04-18 12:45:33',NULL),(9,'Vendedor Junior','0000-00-00 00:00:00','0000-00-00 00:00:00',NULL),(10,'Vendedor Pleno','0000-00-00 00:00:00','0000-00-00 00:00:00',NULL),(11,'Vendedor Senior ','0000-00-00 00:00:00','0000-00-00 00:00:00',NULL),(12,'Auxiliar de Serviços Gerais Junior','2024-04-18 11:34:30','2024-04-18 11:43:16',NULL),(13,'Auxiliar de Serviços Gerais Pleno','2024-04-18 12:24:05','2024-04-18 12:24:05',NULL),(14,'Auxiliar de Serviços Gerais Pleno','2024-04-18 12:31:32','2024-04-18 12:31:32','2024-04-18 12:32:12'),(15,'Vendedor Senior','2024-04-18 12:34:01','2024-04-18 12:34:01','2024-04-18 12:43:15'),(16,'Auxiliar de Serviços Gerais Senior','2024-04-18 12:43:50','2024-04-18 12:44:33',NULL),(17,'teste','2024-04-18 12:55:34','2024-04-18 12:55:34','2024-04-18 12:57:50'),(18,'Recursos Humanos','2024-04-19 11:53:46','2024-04-19 11:54:40',NULL),(19,'Assistente De Compra Sênior','2024-04-23 11:28:22','2024-04-23 11:28:22',NULL);
/*!40000 ALTER TABLE `cargos` ENABLE KEYS */;
UNLOCK TABLES;

--
-- Table structure for table `chamados`
--

DROP TABLE IF EXISTS `chamados`;
/*!40101 SET @saved_cs_client     = @@character_set_client */;
/*!50503 SET character_set_client = utf8mb4 */;
CREATE TABLE `chamados` (
  `id_chamados` int NOT NULL AUTO_INCREMENT,
  `titulo` varchar(100) NOT NULL,
  `id_usuario` int NOT NULL,
  `id_setor` int NOT NULL,
  `urgencia` tinyint NOT NULL,
  `descricao` text,
  `created_at` datetime NOT NULL,
  `updated_at` datetime NOT NULL,
  `deleted_at` datetime DEFAULT NULL,
  PRIMARY KEY (`id_chamados`),
  KEY `fk_chamados_usuarios_idx` (`id_usuario`),
  KEY `fk_chamados_setores_idx` (`id_setor`),
  CONSTRAINT `fk_chamados_setores` FOREIGN KEY (`id_setor`) REFERENCES `setores` (`id_setor`),
  CONSTRAINT `fk_chamados_usuarios` FOREIGN KEY (`id_usuario`) REFERENCES `usuarios` (`id_usuario`)
) ENGINE=InnoDB DEFAULT CHARSET=utf8mb4 COLLATE=utf8mb4_0900_ai_ci;
/*!40101 SET character_set_client = @saved_cs_client */;

--
-- Dumping data for table `chamados`
--

LOCK TABLES `chamados` WRITE;
/*!40000 ALTER TABLE `chamados` DISABLE KEYS */;
/*!40000 ALTER TABLE `chamados` ENABLE KEYS */;
UNLOCK TABLES;

--
-- Table structure for table `chats`
--

DROP TABLE IF EXISTS `chats`;
/*!40101 SET @saved_cs_client     = @@character_set_client */;
/*!50503 SET character_set_client = utf8mb4 */;
CREATE TABLE `chats` (
  `id_chat` int NOT NULL AUTO_INCREMENT,
  `created_at` datetime NOT NULL,
  `updated_at` datetime NOT NULL,
  `deleted_at` datetime DEFAULT NULL,
  PRIMARY KEY (`id_chat`)
) ENGINE=InnoDB AUTO_INCREMENT=2 DEFAULT CHARSET=utf8mb4 COLLATE=utf8mb4_0900_ai_ci;
/*!40101 SET character_set_client = @saved_cs_client */;

--
-- Dumping data for table `chats`
--

LOCK TABLES `chats` WRITE;
/*!40000 ALTER TABLE `chats` DISABLE KEYS */;
INSERT INTO `chats` VALUES (1,'0000-00-00 00:00:00','0000-00-00 00:00:00',NULL);
/*!40000 ALTER TABLE `chats` ENABLE KEYS */;
UNLOCK TABLES;

--
-- Table structure for table `chats_usuarios`
--

DROP TABLE IF EXISTS `chats_usuarios`;
/*!40101 SET @saved_cs_client     = @@character_set_client */;
/*!50503 SET character_set_client = utf8mb4 */;
CREATE TABLE `chats_usuarios` (
  `id_chat_usuario` int NOT NULL AUTO_INCREMENT,
  `id_usuario` int NOT NULL,
  `id_chat` int NOT NULL,
  PRIMARY KEY (`id_chat_usuario`),
  KEY `fk_chats_usuarios_idx` (`id_chat`),
  KEY `fk_chats_usuarios_usuarios_idx` (`id_usuario`)
) ENGINE=InnoDB AUTO_INCREMENT=3 DEFAULT CHARSET=utf8mb4 COLLATE=utf8mb4_0900_ai_ci;
/*!40101 SET character_set_client = @saved_cs_client */;

--
-- Dumping data for table `chats_usuarios`
--

LOCK TABLES `chats_usuarios` WRITE;
/*!40000 ALTER TABLE `chats_usuarios` DISABLE KEYS */;
INSERT INTO `chats_usuarios` VALUES (1,1,1),(2,2,1);
/*!40000 ALTER TABLE `chats_usuarios` ENABLE KEYS */;
UNLOCK TABLES;

--
-- Table structure for table `compras_categorias`
--

DROP TABLE IF EXISTS `compras_categorias`;
/*!40101 SET @saved_cs_client     = @@character_set_client */;
/*!50503 SET character_set_client = utf8mb4 */;
CREATE TABLE `compras_categorias` (
  `id_compra_categoria` int NOT NULL AUTO_INCREMENT,
  `categoria` varchar(150) NOT NULL,
  `created_at` datetime NOT NULL,
  `updated_at` datetime NOT NULL,
  `deleted_at` datetime DEFAULT NULL,
  PRIMARY KEY (`id_compra_categoria`)
) ENGINE=InnoDB AUTO_INCREMENT=16 DEFAULT CHARSET=utf8mb4 COLLATE=utf8mb4_0900_ai_ci;
/*!40101 SET character_set_client = @saved_cs_client */;

--
-- Dumping data for table `compras_categorias`
--

LOCK TABLES `compras_categorias` WRITE;
/*!40000 ALTER TABLE `compras_categorias` DISABLE KEYS */;
INSERT INTO `compras_categorias` VALUES (1,'Lente Intraocular','2024-04-23 11:42:12','2024-04-23 11:42:12',NULL),(2,'Lente De Contato','2024-04-25 11:40:09','2024-04-25 11:40:09',NULL),(3,'Produtos De Limpeza','2024-04-25 11:47:29','2024-04-25 11:47:29',NULL),(4,'Medicamentos / Material Hospitalar','2024-04-25 11:56:54','2024-05-09 11:51:38',NULL),(5,'Armações','2024-04-25 12:16:07','2024-04-25 12:23:22',NULL),(6,'ArmaÇÕes','2024-04-25 12:17:18','2024-04-25 12:17:18','2024-04-25 12:17:23'),(7,'Estojo De Oculos','2024-04-25 14:11:47','2024-04-25 14:11:47',NULL),(8,'Manutenção Predial','2024-04-25 14:13:08','2024-05-09 12:19:00',NULL),(9,'Materiais De Escritorio','2024-04-30 14:09:21','2024-05-02 12:27:42',NULL),(10,'Manutenção De Equipamentos','2024-05-03 10:17:57','2024-05-03 10:17:57',NULL),(11,'Uniforme','2024-06-07 16:08:51','2024-06-07 16:08:51',NULL),(12,'Ativo Fixo','2024-06-25 17:24:36','2024-06-25 17:24:36',NULL),(13,'Equipamentos','2024-06-25 17:24:47','2024-06-25 17:24:47',NULL),(14,'Lenco Magico','2024-07-31 11:50:38','2024-07-31 11:50:38',NULL),(15,'Aquisicao','2024-08-08 16:13:34','2024-08-08 16:13:34',NULL);
/*!40000 ALTER TABLE `compras_categorias` ENABLE KEYS */;
UNLOCK TABLES;

--
-- Table structure for table `compras_fornecedores`
--

DROP TABLE IF EXISTS `compras_fornecedores`;
/*!40101 SET @saved_cs_client     = @@character_set_client */;
/*!50503 SET character_set_client = utf8mb4 */;
CREATE TABLE `compras_fornecedores` (
  `id_compra_fornecedor` int NOT NULL AUTO_INCREMENT,
  `id_categoria` int NOT NULL,
  `fornecedor` varchar(150) NOT NULL,
  `created_at` datetime NOT NULL,
  `updated_at` datetime NOT NULL,
  `deleted_at` datetime DEFAULT NULL,
  PRIMARY KEY (`id_compra_fornecedor`),
  KEY `fk_compras_fornecedores_compras_categorias_idx` (`id_categoria`),
  CONSTRAINT `fk_compras_fornecedores_categorias` FOREIGN KEY (`id_categoria`) REFERENCES `compras_categorias` (`id_compra_categoria`)
) ENGINE=InnoDB AUTO_INCREMENT=99 DEFAULT CHARSET=utf8mb4 COLLATE=utf8mb4_0900_ai_ci;
/*!40101 SET character_set_client = @saved_cs_client */;

--
-- Dumping data for table `compras_fornecedores`
--

LOCK TABLES `compras_fornecedores` WRITE;
/*!40000 ALTER TABLE `compras_fornecedores` DISABLE KEYS */;
INSERT INTO `compras_fornecedores` VALUES (1,1,'Carl Zeiss Do Brasil Ltda','2024-04-23 11:43:59','2024-04-23 11:43:59',NULL),(2,2,'Coopervision','2024-04-25 11:41:25','2024-04-25 11:41:25',NULL),(3,1,'Adapt Produtos Oft Ltda','2024-04-25 11:43:44','2024-04-25 11:43:44',NULL),(4,3,'Sales Distribuidora Ltda','2024-04-25 11:47:58','2024-04-25 11:47:58',NULL),(5,2,'Johnson & Johnson Br Ind Com. Prod. Saude Ltda','2024-04-25 11:49:09','2024-04-25 11:49:09',NULL),(6,2,'Bl Industria Ltda','2024-04-25 11:50:08','2024-04-25 11:50:08',NULL),(7,2,'Solotica Distr. De Prod. Opticos Eireli','2024-04-25 11:51:25','2024-04-25 11:51:25',NULL),(8,1,'Ophthalmos Ltda','2024-04-25 11:55:34','2024-04-25 11:55:34',NULL),(9,4,'Alcon','2024-04-25 11:57:15','2024-04-25 11:57:15','2024-04-25 12:00:48'),(10,4,'Alcon','2024-04-25 11:58:25','2024-04-25 11:58:25','2024-04-25 12:00:51'),(11,4,'Alcon','2024-04-25 11:59:58','2024-04-25 12:01:31',NULL),(12,4,'Adapt Hospitalra Dist Medicamentos Ltda','2024-04-25 12:15:13','2024-04-25 12:15:13',NULL),(13,1,'Beta Surgical Materiais Medicos Ltda','2024-04-25 12:15:47','2024-04-25 12:15:47',NULL),(14,5,'Luxottica Brasil Prod Oticos Esp Ltda','2024-04-25 12:16:52','2024-04-25 12:16:52','2024-04-25 12:17:06'),(15,5,'Luxottica Brasil Prod Oticos Esp Ltda','2024-04-25 12:17:45','2024-04-25 12:17:45',NULL),(16,7,'J L Injecao De Plasticos Ltda','2024-04-25 14:11:58','2024-04-25 14:11:58',NULL),(17,8,'3 De Maio','2024-04-25 14:13:34','2024-04-25 14:13:34',NULL),(18,5,'Kenerson Ind E Com De Prod Opticos Ltda','2024-04-25 14:13:59','2024-04-25 14:13:59',NULL),(19,3,'Raami Comercio De Produtos De Limpeza Ltda','2024-04-29 12:19:25','2024-04-29 12:19:25',NULL),(20,1,'Jjsv Produtos óticos Ltda','2024-04-29 16:53:17','2024-04-29 16:53:17',NULL),(22,9,'Wg Negocios Corporativos','2024-04-30 14:10:12','2024-04-30 14:10:12',NULL),(23,10,'Wg Negocios Corporativos','2024-05-03 10:18:17','2024-05-03 10:18:17',NULL),(24,2,'Alcon','2024-05-09 11:35:47','2024-05-09 11:35:47',NULL),(25,2,'Coopervision  Do Brasil Ltda','2024-05-09 11:38:59','2024-05-09 11:38:59',NULL),(26,2,'Optolentes Lentes De Contato Ltda','2024-05-09 11:43:49','2024-05-09 11:45:04',NULL),(27,4,'Ophthalmos Ltda','2024-05-09 11:47:09','2024-05-09 11:47:09',NULL),(28,4,'Agf Express Materiais Medicos Ltda','2024-05-09 11:51:16','2024-05-09 11:51:16',NULL),(29,4,'Maycare Distribuidora Importadora','2024-05-09 11:52:12','2024-05-09 11:52:12',NULL),(30,4,'Thiago Rodrigues Cardoso 07541451665','2024-05-09 11:52:42','2024-05-09 11:52:42',NULL),(31,8,'Zerbini Do Brasil Ltda','2024-05-09 11:55:36','2024-05-09 11:55:36',NULL),(32,10,'Marcos Padovan Informatica Me','2024-05-09 11:56:04','2024-05-09 11:56:04',NULL),(33,9,'Luciano Cavalcante De Souza','2024-05-09 11:57:48','2024-05-09 11:57:48',NULL),(34,9,'V. Paula Souza Marcondes Comercio','2024-05-09 11:58:56','2024-05-09 11:58:56',NULL),(35,8,'Br Led Atacadista Ltda','2024-05-09 12:00:30','2024-05-09 12:00:30',NULL),(36,3,'Ravanna Modas Confeccao Ltda','2024-05-09 12:00:53','2024-05-09 12:00:53',NULL),(37,3,'Ravana Modas Confeccao Ltda','2024-05-09 12:04:29','2024-05-09 12:04:29',NULL),(38,8,'Mitev  Casa Das Tintas  Ltda Me','2024-05-09 12:08:13','2024-05-09 12:08:13',NULL),(39,4,'C M Hospitalar S.a (rpo)','2024-05-09 12:09:27','2024-05-09 12:09:27',NULL),(40,4,'Eye Pharma Ltda','2024-05-09 12:11:38','2024-05-09 12:11:38',NULL),(41,4,'Vision Line Imp E Com De Mar Equip Med Ltda','2024-05-09 12:12:56','2024-05-09 12:12:56',NULL),(42,4,'Intertech Ind Prod Med Hosp Ltda Epp','2024-05-09 12:14:20','2024-05-09 12:14:20',NULL),(43,4,'Apta Hospitalar Dist Mat Medicos Ltda','2024-05-09 12:15:48','2024-05-09 12:15:48',NULL),(44,9,'Bia Editora Comercio Ltda','2024-05-09 16:40:53','2024-05-09 16:40:53',NULL),(45,4,'Biohosp Produtos Hospitalares S/a','2024-05-15 12:21:43','2024-05-15 12:21:43',NULL),(46,10,'Fastlamp Com Ltda Me','2024-05-15 12:26:13','2024-05-15 12:26:13',NULL),(47,4,'Nacional Comercial Hospitalar S.a','2024-05-15 12:35:17','2024-05-15 12:35:17',NULL),(48,4,'Medcom Comercio Medicamentos Hospitalares Ltda','2024-05-15 12:35:44','2024-05-15 12:35:44',NULL),(49,5,'Suntech Supplies Ind E Com De Produtosoticos E Esp Ltda','2024-05-18 11:37:09','2024-05-18 11:37:09','2024-08-07 10:48:54'),(50,8,'Samatec Comerce Servicos E Peças Ltda','2024-05-22 16:11:29','2024-05-22 16:11:29',NULL),(51,9,'Kalunga Sa','2024-05-22 16:15:31','2024-05-22 16:15:31',NULL),(52,2,'Bausch+lomb','2024-05-22 16:20:22','2024-05-22 16:20:22',NULL),(53,9,'Jms Impressao Em 3d Ltda','2024-05-31 09:24:24','2024-05-31 09:24:24',NULL),(54,4,'Rafael Silva Santos','2024-05-31 09:24:40','2024-05-31 09:24:40',NULL),(55,10,'Rpg Venda Atacadista Ltda','2024-05-31 09:25:03','2024-05-31 09:25:03',NULL),(56,10,'Thais Regina Do Nascimento Silva','2024-05-31 09:25:37','2024-05-31 09:25:37',NULL),(57,9,'V. Paula Souza Marcondes Comercio','2024-05-31 09:26:03','2024-05-31 09:26:03',NULL),(58,4,'Medserv Suprimentos Medico Hospitalares','2024-05-31 10:05:08','2024-05-31 10:05:08',NULL),(59,4,'Elfa Medicamentos S.a','2024-06-06 11:02:43','2024-06-06 11:02:43',NULL),(60,2,'Alcon Brasil Cuidados Com A Saude','2024-06-06 11:05:04','2024-06-06 11:05:04',NULL),(63,11,'Lojas Irmaos Comercio De Variedades','2024-06-07 16:11:03','2024-06-07 16:11:03',NULL),(64,4,'Oxidetoni Equip Ind E Medicinais Ltda','2024-06-08 11:25:00','2024-06-08 11:25:00',NULL),(65,4,'Medjet Ltda','2024-06-12 11:56:24','2024-06-12 11:56:24',NULL),(66,4,'Mack Medical Importacao E Exportacao Ltda','2024-06-12 12:01:34','2024-06-12 12:01:34',NULL),(67,9,'Mei Ley Bazar Presentes','2024-06-25 09:32:24','2024-06-25 09:32:24',NULL),(68,5,'Teram Ltda','2024-06-25 09:32:44','2024-06-25 09:32:44',NULL),(69,5,'Rob Sol Industria Ltda','2024-06-25 09:33:18','2024-06-25 09:33:18',NULL),(70,4,'Seven Formulas','2024-06-25 09:33:57','2024-06-25 09:33:57',NULL),(71,5,'Fullsteel Ltda','2024-06-25 09:34:18','2024-06-25 09:34:18',NULL),(72,13,'Magazine Luiza S/a','2024-06-25 17:25:03','2024-06-25 17:25:03',NULL),(73,9,'Mercado Livre','2024-06-25 17:28:46','2024-06-25 17:28:46',NULL),(74,4,'Mercado Livre','2024-06-25 17:29:02','2024-06-25 17:29:02',NULL),(75,4,'Mercado Livre','2024-06-25 17:29:13','2024-06-25 17:29:13',NULL),(76,5,'Maria Sueme','2024-07-06 11:06:06','2024-07-06 11:06:06',NULL),(77,5,'Suntech Supplies Ind Com Prod Oticos','2024-07-15 12:56:02','2024-07-15 12:56:02',NULL),(78,9,'Mm Service','2024-07-16 11:13:00','2024-07-16 11:13:00',NULL),(79,8,'Ferragens Yamashiro','2024-07-22 11:11:16','2024-07-22 11:11:16',NULL),(80,8,'Caex ComunicaÇÃo Visual','2024-07-22 11:11:41','2024-07-22 11:11:41',NULL),(81,4,'Orthopedic Prod Cirurgicos','2024-07-23 17:33:44','2024-07-23 17:33:44',NULL),(82,4,'Fenix Prod Cirurgicos','2024-07-23 17:34:16','2024-07-23 17:34:16',NULL),(83,3,'Tempolimp Embalagens','2024-07-23 17:34:42','2024-07-23 17:34:42',NULL),(84,9,'Smart Id-com E Serv De Informatica','2024-07-31 11:45:49','2024-07-31 11:45:49',NULL),(85,10,'Neppe Materiais Eletricos','2024-07-31 11:49:03','2024-07-31 11:49:03',NULL),(86,14,'Daff Industrial Ltda','2024-07-31 11:51:03','2024-07-31 11:51:03',NULL),(87,4,'R.goncalves Suprimentos Medicos Ltda','2024-07-31 12:01:17','2024-07-31 12:01:17',NULL),(88,4,'39914','2024-07-31 12:11:47','2024-07-31 12:11:47',NULL),(89,3,'739373','2024-07-31 12:14:02','2024-07-31 12:14:02',NULL),(90,2,'732664','2024-07-31 12:15:03','2024-07-31 12:15:03',NULL),(91,2,'2447010','2024-07-31 12:15:31','2024-07-31 12:15:31',NULL),(92,4,'Cirúrgica Fernandes','2024-08-08 16:02:59','2024-08-08 16:02:59',NULL),(93,10,'Zox Telecom','2024-08-08 16:07:50','2024-08-08 16:07:50',NULL),(94,4,'Drogaria Efarma','2024-08-08 16:10:10','2024-08-08 16:10:10',NULL),(95,15,'Bel Micro Tecnologia','2024-08-08 16:14:12','2024-08-08 16:14:12',NULL),(96,3,'Nova Limp Com De Embalagens','2024-08-14 15:58:46','2024-08-14 15:58:46',NULL),(97,5,'J.e Comercio De Oculos Ltda','2024-08-14 16:02:29','2024-08-14 16:02:29',NULL),(98,2,'Oftalcom Ind E Com Ltda','2024-08-15 11:08:32','2024-08-15 11:08:32',NULL);
/*!40000 ALTER TABLE `compras_fornecedores` ENABLE KEYS */;
UNLOCK TABLES;

--
-- Table structure for table `compras_notas`
--

DROP TABLE IF EXISTS `compras_notas`;
/*!40101 SET @saved_cs_client     = @@character_set_client */;
/*!50503 SET character_set_client = utf8mb4 */;
CREATE TABLE `compras_notas` (
  `id_compra_nota` int NOT NULL AUTO_INCREMENT,
  `id_fornecedor` int NOT NULL,
  `n_nota` char(20) NOT NULL,
  `valor` double(10,2) NOT NULL,
  `quantidade` double(10,2) DEFAULT NULL,
  `data` date NOT NULL,
  `id_empresa` int NOT NULL,
  `descricao` text NOT NULL,
  `created_at` datetime NOT NULL,
  `updated_at` datetime NOT NULL,
  `deleted_at` datetime DEFAULT NULL,
  PRIMARY KEY (`id_compra_nota`),
  UNIQUE KEY `n_nota_UNIQUE` (`n_nota`),
  KEY `fk_compras_notas_compras_fornecedores_idx` (`id_fornecedor`),
  CONSTRAINT `fk_compras_notas_compras_fornecedores` FOREIGN KEY (`id_fornecedor`) REFERENCES `compras_fornecedores` (`id_compra_fornecedor`) ON DELETE CASCADE ON UPDATE CASCADE
) ENGINE=InnoDB AUTO_INCREMENT=356 DEFAULT CHARSET=utf8mb4 COLLATE=utf8mb4_0900_ai_ci;
/*!40101 SET character_set_client = @saved_cs_client */;

--
-- Dumping data for table `compras_notas`
--

LOCK TABLES `compras_notas` WRITE;
/*!40000 ALTER TABLE `compras_notas` DISABLE KEYS */;
INSERT INTO `compras_notas` VALUES (1,1,'94965',1273.00,NULL,'2024-04-04',1,'','2024-04-23 11:45:21','2024-04-23 11:45:21',NULL),(2,2,'2340759',312.12,NULL,'2024-04-18',1,'','2024-04-25 11:42:24','2024-04-25 11:42:24',NULL),(3,3,'417348',520.00,NULL,'2024-04-10',1,'','2024-04-25 11:44:33','2024-04-25 11:44:33',NULL),(4,4,'601165',472.55,NULL,'2024-04-23',1,'','2024-04-25 11:48:27','2024-04-25 11:48:27',NULL),(5,5,'623548',280.77,NULL,'2024-04-17',1,'','2024-04-25 11:49:39','2024-04-25 11:49:39',NULL),(6,6,'520059',183.66,NULL,'2024-04-15',1,'','2024-04-25 11:50:48','2024-04-25 11:50:48',NULL),(7,7,'1570833',1300.85,NULL,'2024-04-17',1,'','2024-04-25 11:51:52','2024-04-25 11:51:52',NULL),(8,7,'1570877',440.00,NULL,'2024-04-17',1,'','2024-04-25 11:52:20','2024-04-25 11:52:20',NULL),(9,7,'1570876',150.50,NULL,'2024-04-17',1,'','2024-04-25 11:52:46','2024-04-25 11:52:46',NULL),(10,5,'621532',552.72,NULL,'2024-04-15',1,'','2024-04-25 11:53:55','2024-04-25 11:53:55',NULL),(11,5,'621533',532.40,NULL,'2024-04-15',1,'','2024-04-25 11:54:15','2024-04-25 11:54:15',NULL),(12,5,'621531',225.26,NULL,'2024-04-15',1,'','2024-04-25 11:54:34','2024-04-25 11:54:34',NULL),(13,5,'609758',258.52,NULL,'2024-04-05',5,'','2024-04-25 11:55:08','2024-04-25 11:55:08',NULL),(14,8,'142180',3150.00,NULL,'2024-04-18',1,'','2024-04-25 11:55:56','2024-04-25 11:55:56',NULL),(15,11,'537382',1099.20,NULL,'2024-04-22',1,'','2024-04-25 12:14:43','2024-04-25 12:14:43',NULL),(16,15,'8628386',1512.69,NULL,'2024-04-20',2,'','2024-04-25 12:30:33','2024-04-25 12:30:33',NULL),(17,13,'6359',1344.00,NULL,'2024-04-18',1,'','2024-04-25 12:31:15','2024-04-25 12:31:15',NULL),(18,16,'3803',2289.20,NULL,'2024-04-16',2,'','2024-04-25 14:12:28','2024-04-25 14:12:28',NULL),(19,17,'237583',2258.77,NULL,'2024-04-24',3,'','2024-04-26 12:29:58','2024-04-26 12:29:58',NULL),(20,15,'8636240',2277.72,NULL,'2024-04-24',2,'','2024-04-27 09:10:20','2024-04-27 09:10:20',NULL),(21,15,'837176',877.43,NULL,'2024-04-24',4,'','2024-04-29 11:27:35','2024-04-29 11:27:35',NULL),(22,19,'13257',299.70,NULL,'2024-04-26',3,'','2024-04-29 12:19:52','2024-04-29 12:19:52',NULL),(23,8,'142775',1050.00,NULL,'2024-04-26',1,'','2024-04-29 16:49:39','2024-04-29 16:49:39',NULL),(24,1,'96537',1273.00,NULL,'2024-04-26',1,'','2024-04-29 16:52:04','2024-04-29 16:52:04',NULL),(25,20,'438681',752.79,NULL,'2024-04-24',1,'','2024-04-29 16:53:45','2024-04-29 16:53:45',NULL),(26,7,'1572029',302.14,NULL,'2024-04-19',3,'','2024-04-30 14:02:02','2024-04-30 14:02:02',NULL),(27,7,'1569409',140.00,NULL,'2024-04-15',3,'','2024-04-30 14:02:32','2024-04-30 14:02:32',NULL),(28,5,'629613',185.91,NULL,'2024-04-22',3,'','2024-04-30 14:04:36','2024-04-30 14:04:36',NULL),(29,5,'617936',588.70,NULL,'2024-04-12',3,'','2024-04-30 14:05:07','2024-04-30 14:05:07',NULL),(30,22,'1625',100.00,NULL,'2024-04-29',1,'','2024-04-30 14:10:40','2024-04-30 14:10:40',NULL),(31,23,'54230',498.00,0.00,'2024-04-29',1,'','2024-04-30 14:21:28','2024-05-03 10:18:42',NULL),(33,5,'51515',500.00,3.00,'2024-05-03',2,'','2024-05-03 07:52:25','2024-05-03 07:53:56','2024-05-03 08:42:30'),(34,7,'1576706',272.07,1.00,'2024-04-30',3,'','2024-05-09 11:32:00','2024-05-09 11:32:00',NULL),(35,7,'1576204',107.07,1.00,'2024-04-30',3,'','2024-05-09 11:32:39','2024-05-09 11:32:39',NULL),(36,7,'1576713',391.60,1.00,'2024-04-30',3,'','2024-05-09 11:33:06','2024-05-09 11:33:06',NULL),(37,24,'539408',289.80,1.00,'2024-04-25',3,'','2024-05-09 11:38:03','2024-05-09 11:38:03',NULL),(38,2,'2349248',317.98,1.00,'2024-04-24',3,'','2024-05-09 11:39:37','2024-05-09 11:39:37',NULL),(39,7,'1575417',150.50,1.00,'2024-04-29',3,'','2024-05-09 11:40:07','2024-05-09 11:40:07',NULL),(40,5,'639028',276.36,1.00,'2024-04-30',5,'','2024-05-09 11:40:42','2024-05-09 11:40:42',NULL),(41,2,'2340243',251.56,1.00,'2024-04-17',5,'','2024-05-09 11:41:51','2024-05-09 11:41:51',NULL),(42,5,'636286',276.36,1.00,'2024-04-29',1,'','2024-05-09 11:42:18','2024-05-09 11:42:18',NULL),(43,24,'540126',767.38,1.00,'2024-04-26',1,'','2024-05-09 11:43:04','2024-05-09 11:43:04',NULL),(44,26,'187534',120.00,1.00,'2024-04-26',1,'','2024-05-09 11:44:28','2024-05-09 11:44:28',NULL),(45,7,'1577003',891.38,1.00,'2024-05-02',1,'','2024-05-09 11:46:11','2024-05-09 11:46:11',NULL),(46,27,'143227',573.75,1.00,'2024-05-03',1,'','2024-05-09 11:47:42','2024-05-09 11:47:42',NULL),(48,3,'420865',1820.00,1.00,'2024-05-03',1,'','2024-05-09 11:50:38','2024-05-09 11:50:38',NULL),(49,30,'1597',180.00,1.00,'2024-05-06',1,'','2024-05-09 11:53:06','2024-05-09 11:53:06',NULL),(50,28,'258933',52.63,1.00,'2024-04-10',1,'','2024-05-09 11:53:30','2024-05-09 11:53:30',NULL),(51,29,'19855',37.95,1.00,'2024-04-10',1,'','2024-05-09 11:54:02','2024-05-09 11:54:02',NULL),(52,31,'1922858',187.87,1.00,'2024-04-02',1,'','2024-05-09 12:01:30','2024-05-09 12:01:30',NULL),(53,31,'1932697',231.96,1.00,'2024-04-05',1,'','2024-05-09 12:01:58','2024-05-09 12:01:58',NULL),(54,32,'87469',135.79,1.00,'2024-04-10',1,'','2024-05-09 12:02:26','2024-05-09 12:02:26',NULL),(55,33,'4831',68.30,1.00,'2024-04-09',1,'','2024-05-09 12:02:50','2024-05-09 12:02:50',NULL),(56,34,'13487',115.70,1.00,'2024-04-29',1,'','2024-05-09 12:03:18','2024-05-09 12:03:18',NULL),(57,35,'142974',219.99,1.00,'2024-04-21',1,'','2024-05-09 12:03:42','2024-05-09 12:03:42',NULL),(58,37,'7330',139.25,1.00,'2024-04-27',1,'','2024-05-09 12:04:56','2024-05-09 12:04:56',NULL),(59,15,'8654231',571.39,3.00,'2024-04-30',4,'','2024-05-09 12:07:29','2024-05-09 12:32:40',NULL),(60,38,'5732',200.12,1.00,'2024-05-09',3,'','2024-05-09 12:08:44','2024-06-11 15:16:41',NULL),(61,39,'1453063',347.44,1.00,'2024-05-03',1,'','2024-05-09 12:10:02','2024-05-09 12:10:02',NULL),(62,40,'1127195',423.00,1.00,'2024-05-06',1,'','2024-05-09 12:12:06','2024-05-09 12:12:06',NULL),(63,41,'138103',643.00,1.00,'2024-05-02',1,'','2024-05-09 12:13:28','2024-05-09 12:13:28',NULL),(64,42,'38663',425.00,1.00,'2024-05-03',1,'','2024-05-09 12:14:48','2024-05-09 12:14:48',NULL),(65,43,'9346',507.32,1.00,'2024-05-02',1,'','2024-05-09 12:16:10','2024-05-09 12:16:10',NULL),(66,4,'607331',346.37,1.00,'2024-04-26',1,'','2024-05-09 12:19:27','2024-05-09 12:19:27',NULL),(67,17,'238305',2170.48,1.00,'2024-05-07',3,'','2024-05-09 12:19:51','2024-06-11 15:15:10',NULL),(68,44,'2130',30.00,1.00,'2024-05-09',1,'','2024-05-09 16:41:19','2024-05-09 16:41:19',NULL),(71,45,'658388',207.71,1.00,'2024-05-10',1,'','2024-05-15 12:23:49','2024-05-15 12:23:49',NULL),(72,8,'143605',7350.00,1.00,'2024-05-08',1,'','2024-05-15 12:24:28','2024-05-15 12:24:28',NULL),(73,7,'1577876',296.26,1.00,'2024-05-06',1,'','2024-05-15 12:25:41','2024-05-15 12:25:41',NULL),(74,46,'27377',200.00,1.00,'2024-05-14',1,'','2024-05-15 12:26:44','2024-05-15 12:26:44',NULL),(75,22,'1637',140.00,1.00,'2024-05-11',1,'','2024-05-15 12:30:23','2024-05-15 12:30:23',NULL),(76,23,'542490',524.00,1.00,'2024-05-11',1,'','2024-05-15 12:31:59','2024-05-15 12:31:59',NULL),(77,5,'645804',129.26,1.00,'2024-05-07',5,'','2024-05-15 12:32:26','2024-05-15 12:33:11',NULL),(78,5,'636669',129.26,1.00,'2024-04-29',5,'','2024-05-15 12:32:56','2024-05-15 12:32:56',NULL),(80,47,'92060',67.98,1.00,'2024-05-10',1,'','2024-05-15 12:36:26','2024-05-15 12:36:26',NULL),(81,48,'270710',30.84,1.00,'2024-05-10',1,'','2024-05-15 12:36:52','2024-05-20 11:09:37',NULL),(82,47,'931157',77.62,1.00,'2024-05-10',1,'','2024-05-15 12:37:34','2024-05-15 12:37:34',NULL),(83,15,'8651248',919.91,5.00,'2024-04-29',2,'','2024-05-18 11:33:16','2024-05-18 12:25:41',NULL),(84,15,'8673638',3086.35,11.00,'2024-05-09',2,'','2024-05-18 11:34:06','2024-05-18 11:34:06',NULL),(85,15,'8685083',1585.15,6.00,'2024-05-15',2,'','2024-05-18 11:34:40','2024-05-18 11:34:40',NULL),(86,18,'2952564',2180.05,20.00,'2024-05-11',2,'','2024-05-18 11:35:59','2024-05-18 11:35:59',NULL),(87,77,'147176',1052.92,6.00,'2024-05-13',2,'','2024-05-18 11:37:43','2024-08-07 10:48:44',NULL),(88,15,'8685619',3159.97,10.00,'2024-05-15',4,'','2024-05-22 16:10:06','2024-05-22 16:10:06',NULL),(89,1,'96969',5220.00,1.00,'2024-05-07',1,'','2024-05-22 16:10:37','2024-05-22 16:10:37',NULL),(90,50,'620292',614.00,1.00,'2024-05-17',1,'','2024-05-22 16:12:25','2024-05-22 16:12:25',NULL),(91,48,'202162',53.32,1.00,'2024-05-10',1,'','2024-05-22 16:12:59','2024-05-22 16:12:59',NULL),(92,41,'138580',635.00,1.00,'2024-05-14',1,'','2024-05-22 16:13:25','2024-05-22 16:13:25',NULL),(93,7,'1581737',891.38,1.00,'2024-05-16',3,'','2024-05-22 16:13:58','2024-05-22 16:13:58',NULL),(94,6,'523123',302.14,1.00,'2024-04-26',1,'','2024-05-22 16:14:39','2024-05-22 16:14:39',NULL),(95,7,'1579281',272.01,1.00,'2024-05-09',1,'','2024-05-22 16:15:04','2024-05-22 16:15:04',NULL),(96,51,'13481067',1664.47,1.00,'2024-05-13',1,'','2024-05-22 16:16:00','2024-05-22 16:16:00',NULL),(97,5,'652423',388.99,1.00,'2024-05-13',1,'','2024-05-22 16:16:31','2024-05-22 16:16:31',NULL),(98,11,'546790',579.60,1.00,'2024-05-13',1,'','2024-05-22 16:17:04','2024-05-22 16:17:04',NULL),(99,5,'645575',552.74,1.00,'2024-05-07',1,'','2024-05-22 16:17:51','2024-05-22 16:17:51',NULL),(100,5,'647445',481.30,1.00,'2024-05-08',1,'','2024-05-22 16:18:14','2024-05-22 16:18:14',NULL),(101,5,'657874',250.81,1.00,'2024-05-16',1,'','2024-05-22 16:18:45','2024-05-22 16:18:45',NULL),(102,7,'1579676',272.07,1.00,'2024-05-10',1,'','2024-05-22 16:19:17','2024-05-22 16:19:17',NULL),(104,52,'524652',288.44,1.00,'2024-05-07',1,'','2024-05-22 16:20:48','2024-05-22 16:20:48',NULL),(105,7,'1581836',296.26,1.00,'2024-05-16',1,'','2024-05-22 16:21:14','2024-05-22 16:21:14',NULL),(106,7,'1582292',150.50,1.00,'2024-05-17',3,'','2024-05-22 16:21:40','2024-06-11 15:30:38',NULL),(107,7,'1581982',107.07,1.00,'2024-05-16',1,'','2024-05-22 16:22:09','2024-05-22 16:22:09',NULL),(108,5,'659430',690.94,1.00,'2024-05-17',3,'','2024-05-22 16:22:32','2024-05-22 16:22:32',NULL),(109,2,'2371856',452.04,1.00,'2024-05-15',3,'','2024-05-22 16:23:00','2024-05-22 16:23:00',NULL),(110,5,'646932',138.18,1.00,'2024-05-08',3,'','2024-05-22 16:23:24','2024-05-22 16:23:24',NULL),(111,7,'1581286',544.14,1.00,'2024-05-15',3,'','2024-05-22 16:23:51','2024-05-22 16:23:51',NULL),(112,15,'8708020',828.91,1.00,'2024-05-23',2,'','2024-05-27 16:03:23','2024-05-27 16:03:23',NULL),(113,15,'8700930',924.77,1.00,'2024-05-21',2,'','2024-05-27 16:03:45','2024-05-27 16:03:45',NULL),(114,5,'661342',829.07,1.00,'2024-05-20',1,'','2024-05-27 16:04:18','2024-05-27 16:04:18',NULL),(115,7,'1583222',296.26,1.00,'2024-05-21',1,'','2024-05-27 16:04:41','2024-05-27 16:04:41',NULL),(116,5,'661340',276.36,1.00,'2024-05-20',1,'','2024-05-27 16:05:03','2024-07-31 11:15:46',NULL),(117,5,'661337',276.36,1.00,'2024-05-20',1,'','2024-05-27 16:05:26','2024-05-27 16:05:26',NULL),(118,7,'1584013',148.13,1.00,'2024-05-22',1,'','2024-05-27 16:05:52','2024-05-27 16:05:52',NULL),(119,7,'1583860',148.13,1.00,'2024-05-22',1,'','2024-05-27 16:06:14','2024-05-27 16:06:14',NULL),(120,7,'1584223',148.13,1.00,'2024-05-22',1,'','2024-05-27 16:06:38','2024-05-27 16:06:38',NULL),(121,4,'643963',354.90,1.00,'2024-05-21',3,'','2024-05-27 16:09:13','2024-05-27 16:09:13',NULL),(123,19,'13452',629.30,1.00,'2024-05-22',1,'','2024-05-27 16:10:07','2024-05-27 16:10:07',NULL),(124,23,'1647',180.00,1.00,'2024-05-22',1,'','2024-05-27 16:10:53','2024-05-27 16:10:53',NULL),(126,53,'1339',1020.00,1.00,'2024-05-20',1,'','2024-05-31 09:26:35','2024-05-31 09:26:35',NULL),(127,54,'188250',107.80,1.00,'2024-05-22',1,'','2024-05-31 09:27:04','2024-05-31 09:27:04',NULL),(128,55,'ATACADISTA',26.90,1.00,'2024-05-09',1,'','2024-05-31 09:27:31','2024-05-31 09:27:31',NULL),(129,56,'8054',49.10,1.00,'2024-05-07',1,'','2024-05-31 09:28:12','2024-05-31 09:28:12',NULL),(130,34,'13570',231.40,1.00,'2024-05-05',1,'','2024-05-31 09:30:32','2024-05-31 09:30:32',NULL),(131,58,'8803',290.45,1.00,'2024-05-27',1,'','2024-05-31 10:05:42','2024-05-31 10:05:42',NULL),(132,20,'444717',752.79,1.00,'2024-05-22',1,'','2024-05-31 10:06:32','2024-05-31 10:06:32','2024-06-11 15:04:15'),(133,8,'144772',29450.00,1.00,'2024-05-24',1,'','2024-05-31 10:08:38','2024-05-31 10:08:38',NULL),(134,2,'2377671',503.12,1.00,'2024-05-21',5,'','2024-05-31 10:09:18','2024-05-31 10:09:18',NULL),(135,20,'445366',752.79,1.00,'2024-05-27',1,'','2024-05-31 10:10:08','2024-05-31 10:10:08',NULL),(136,17,'239238',1599.54,1.00,'2024-05-22',3,'','2024-06-06 10:56:13','2024-06-06 10:56:13','2024-06-11 15:16:57'),(137,17,'239647',1535.06,1.00,'2024-05-29',3,'','2024-06-06 10:56:39','2024-06-11 15:17:40',NULL),(138,4,'658023',6963.41,1.00,'2024-05-31',1,'','2024-06-06 10:57:05','2024-06-06 10:57:05',NULL),(139,15,'8728105',654.79,2.00,'2024-05-31',4,'','2024-06-06 10:58:14','2024-06-06 10:58:14',NULL),(140,7,'1587767',1018.60,1.00,'2024-06-04',3,'','2024-06-06 10:58:45','2024-06-06 10:58:45',NULL),(141,2,'2388208',503.12,1.00,'2024-05-29',3,'','2024-06-06 10:59:13','2024-06-06 10:59:13',NULL),(142,7,'1583208',355.66,1.00,'2024-05-21',3,'','2024-06-06 10:59:43','2024-06-06 10:59:43',NULL),(143,7,'1586944',2037.20,1.00,'2024-05-29',3,'','2024-06-06 11:00:10','2024-06-06 11:00:10',NULL),(144,15,'8717561',1180.54,6.00,'2024-05-28',2,'','2024-06-06 11:00:37','2024-06-06 11:01:11',NULL),(145,18,'2960255',711.31,6.00,'2024-05-25',6,'','2024-06-06 11:01:57','2024-06-06 11:01:57',NULL),(146,59,'628582',846.00,1.00,'2024-05-29',1,'','2024-06-06 11:03:05','2024-06-06 11:03:05',NULL),(147,24,'550838',302.38,1.00,'2024-05-20',3,'','2024-06-06 11:05:42','2024-06-06 11:05:42',NULL),(148,7,'1584031',148.13,1.00,'2024-05-22',3,'','2024-06-06 11:06:16','2024-06-06 11:06:16',NULL),(149,7,'1586633',1018.60,1.00,'2024-05-28',3,'','2024-06-06 11:06:41','2024-06-06 11:06:41',NULL),(150,15,'8727793',478.36,2.00,'2024-05-31',2,'','2024-06-06 11:07:41','2024-06-06 11:07:41',NULL),(151,63,'3061',199.90,1.00,'2024-05-20',1,'','2024-06-07 16:11:57','2024-06-07 16:11:57',NULL),(152,63,'3093',679.66,1.00,'2024-05-29',1,'','2024-06-07 16:12:33','2024-06-07 16:12:33',NULL),(153,15,'8673634',182.81,1.00,'2024-05-05',2,'','2024-06-08 11:21:17','2024-06-08 11:21:17',NULL),(154,11,'558083',1306.26,1.00,'2024-06-05',1,'','2024-06-08 11:21:46','2024-06-08 11:21:46',NULL),(155,7,'1587557',243.10,1.00,'2024-06-04',1,'','2024-06-08 11:22:10','2024-06-08 11:22:10',NULL),(156,7,'1587556',161.00,1.00,'2024-06-04',1,'','2024-06-08 11:22:35','2024-06-08 11:22:35',NULL),(157,7,'1587555',296.26,1.00,'2024-06-04',1,'','2024-06-08 11:22:55','2024-06-08 11:22:55',NULL),(158,5,'679460',225.26,1.00,'2024-06-05',1,'','2024-06-08 11:23:22','2024-06-08 11:23:22',NULL),(159,5,'676259',481.30,1.00,'2024-06-03',1,'','2024-06-08 11:23:48','2024-06-08 11:23:48',NULL),(160,17,'240101',544.69,1.00,'2024-06-06',3,'','2024-06-08 11:24:12','2024-06-08 11:24:12',NULL),(161,17,'237988',198.30,1.00,'2024-05-02',3,'','2024-06-11 15:23:20','2024-06-11 15:23:20',NULL),(162,41,'139551',940.00,1.00,'2024-06-06',1,'','2024-06-12 11:50:37','2024-06-12 11:50:37',NULL),(163,27,'145916',821.80,1.00,'2024-06-10',1,'','2024-06-12 11:55:56','2024-06-12 11:55:56',NULL),(164,65,'124728',188.07,1.00,'2024-06-07',1,'','2024-06-12 12:21:58','2024-06-12 12:21:58',NULL),(165,66,'5441',706.66,1.00,'2024-06-10',1,'','2024-06-12 12:22:22','2024-06-12 12:22:22',NULL),(166,52,'61719',1399.93,1.00,'2024-06-07',1,'','2024-06-12 12:22:49','2024-06-12 12:22:49',NULL),(167,58,'9075',1043.31,1.00,'2024-06-11',1,'','2024-06-12 12:23:26','2024-06-12 12:23:26',NULL),(168,58,'9136',216.49,1.00,'2024-06-12',1,'','2024-06-13 13:00:02','2024-06-13 13:00:02',NULL),(170,39,'1487279',916.00,1.00,'2024-06-10',1,'','2024-06-13 13:02:54','2024-06-13 13:02:54',NULL),(171,5,'669506',258.52,1.00,'2024-05-27',1,'','2024-06-13 13:05:24','2024-06-13 13:05:24',NULL),(172,30,'615589',159.60,1.00,'2024-06-14',3,'','2024-06-14 15:13:36','2024-06-14 15:13:36',NULL),(173,7,'1588867',140.00,1.00,'2024-06-06',1,'','2024-06-14 15:15:11','2024-06-14 15:15:11',NULL),(174,2,'2401438',230.84,1.00,'2024-06-10',1,'','2024-06-14 15:15:35','2024-06-14 15:15:35',NULL),(175,7,'1589493',296.26,1.00,'2024-06-10',1,'','2024-06-14 15:22:11','2024-06-14 15:22:11',NULL),(176,7,'1589494',214.00,1.00,'2024-06-10',1,'','2024-06-14 15:27:47','2024-06-14 15:27:47',NULL),(177,5,'684582',276.36,1.00,'2024-06-10',1,'','2024-06-14 15:28:17','2024-06-14 15:28:17',NULL),(178,5,'686199',276.36,1.00,'2024-06-11',1,'','2024-06-14 15:28:49','2024-06-14 15:28:49',NULL),(179,7,'1589518',1356.68,1.00,'2024-06-10',3,'','2024-06-17 09:33:17','2024-06-17 09:33:17',NULL),(180,7,'1588727',148.13,1.00,'2024-06-06',3,'','2024-06-17 09:33:41','2024-06-17 09:33:41',NULL),(181,5,'679760',754.92,1.00,'2024-06-05',3,'','2024-06-17 09:34:04','2024-06-17 09:34:04',NULL),(182,5,'689780',552.76,1.00,'0276-05-05',3,'','2024-06-17 09:34:29','2024-06-17 09:34:29',NULL),(187,5,'700498',225.26,1.00,'2024-06-21',1,'','2024-06-25 09:50:16','2024-06-25 09:50:16',NULL),(188,7,'1591570',214.14,1.00,'2024-06-17',1,'','2024-06-25 09:52:18','2024-06-25 09:52:18',NULL),(189,23,'1656',1532.00,1.00,'2024-06-17',1,'','2024-06-25 09:52:48','2024-06-25 09:52:48',NULL),(190,5,'691716',276.36,1.00,'2024-06-14',5,'','2024-06-25 09:53:30','2024-06-25 09:53:30',NULL),(191,5,'691715',276.36,1.00,'2024-06-14',5,'','2024-06-25 09:53:56','2024-06-25 09:53:56',NULL),(192,8,'146640',850.00,1.00,'2024-06-17',1,'','2024-06-25 09:54:20','2024-06-25 09:54:20',NULL),(193,69,'47344',544.93,2.00,'2024-06-14',4,'','2024-06-25 09:54:54','2024-06-25 09:59:07',NULL),(194,5,'689716',112.63,1.00,'2024-06-13',1,'','2024-06-25 09:55:18','2024-06-25 09:55:18',NULL),(195,5,'693664',563.15,1.00,'2024-06-17',1,'','2024-06-25 09:55:48','2024-06-25 09:55:48',NULL),(196,2,'2410467',230.84,1.00,'2024-06-18',1,'','2024-06-25 09:56:13','2024-06-25 09:56:13',NULL),(197,7,'1589676',140.00,1.00,'2024-06-11',1,'','2024-06-25 09:56:35','2024-06-25 09:56:35',NULL),(198,52,'534010',191.80,1.00,'2024-06-14',1,'','2024-06-25 09:57:01','2024-06-25 09:57:01',NULL),(199,7,'1591072',150.50,1.00,'2024-06-15',1,'','2024-06-25 09:57:28','2024-06-25 09:57:28',NULL),(200,51,'13608093',1512.12,1.00,'2024-06-20',1,'','2024-06-25 09:57:53','2024-06-25 09:57:53',NULL),(201,70,'72918',1400.00,1.00,'2024-06-20',1,'','2024-06-25 09:58:16','2024-06-25 09:58:16',NULL),(202,71,'4028',723.00,20.00,'2024-06-20',2,'','2024-06-25 09:58:53','2024-06-25 09:58:53',NULL),(203,68,'2575',399.00,10.00,'2024-06-20',4,'','2024-06-25 09:59:45','2024-06-25 09:59:45',NULL),(204,15,'8769713',281.50,2.00,'2024-06-19',2,'','2024-06-25 10:01:13','2024-06-25 10:01:13',NULL),(205,73,'1523224',90.80,1.00,'2024-06-04',3,'','2024-06-25 17:30:29','2024-06-25 17:30:29',NULL),(206,73,'93847',83.94,1.00,'2024-06-05',3,'','2024-06-25 17:33:25','2024-06-25 17:33:25',NULL),(207,73,'530579',143.80,1.00,'2024-06-04',1,'','2024-06-25 17:35:33','2024-06-25 17:35:33',NULL),(208,74,'213925',33.05,1.00,'2024-06-02',3,'','2024-06-25 17:36:22','2024-06-25 17:36:22',NULL),(209,73,'8747',95.96,1.00,'2024-06-24',2,'','2024-06-25 17:36:52','2024-06-25 17:36:52',NULL),(210,75,'35908',34.20,1.00,'2024-06-25',5,'','2024-06-26 15:52:34','2024-06-26 15:52:34',NULL),(212,75,'181',191.04,1.00,'2024-06-25',5,'','2024-06-26 15:53:32','2024-06-26 15:53:32',NULL),(215,7,'1592281',148.13,1.00,'2024-06-19',3,'','2024-06-29 10:15:13','2024-06-29 10:15:13',NULL),(216,5,'691509',239.26,1.00,'2024-06-14',3,'','2024-06-29 10:15:36','2024-06-29 10:15:36',NULL),(217,23,'1663',332.00,1.00,'2024-06-28',3,'','2024-06-29 10:16:03','2024-06-29 10:16:03',NULL),(218,23,'54327',250.00,1.00,'2024-06-28',3,'','2024-06-29 10:16:31','2024-06-29 10:16:31',NULL),(219,23,'1662',480.00,1.00,'2024-06-28',3,'','2024-06-29 10:17:00','2024-06-29 10:17:00',NULL),(220,15,'8800440',719.70,10.00,'2024-06-28',6,'','2024-07-06 11:03:23','2024-07-06 11:03:23',NULL),(221,15,'8801896',974.13,7.00,'2024-06-29',2,'','2024-07-06 11:04:05','2024-07-06 11:12:28',NULL),(222,15,'8800448',3550.64,38.00,'2024-07-28',4,'','2024-07-06 11:05:16','2024-08-07 10:58:06',NULL),(223,76,'1186',5500.00,100.00,'2024-07-02',2,'','2024-07-06 11:06:42','2024-07-06 11:06:50',NULL),(224,76,'1187',1650.00,30.00,'2024-07-02',4,'','2024-07-06 11:07:25','2024-07-06 11:07:25',NULL),(225,15,'8800468',4088.72,38.00,'2024-06-28',2,'','2024-07-06 11:10:43','2024-07-06 11:10:43',NULL),(226,15,'8797257',432.80,3.00,'2024-06-27',2,'','2024-07-06 11:11:24','2024-07-06 11:11:24',NULL),(228,4,'698233',384.14,1.00,'2024-06-25',1,'','2024-07-06 11:30:42','2024-07-06 11:30:42',NULL),(229,19,'13674',691.30,1.00,'2024-06-26',1,'','2024-07-06 11:31:11','2024-07-06 11:31:11',NULL),(230,2,'2416566',230.84,1.00,'2024-06-24',1,'','2024-07-06 11:31:55','2024-07-06 11:31:55',NULL),(231,7,'1595836',296.26,1.00,'2024-06-28',1,'','2024-07-06 11:32:20','2024-07-06 11:32:20',NULL),(232,7,'1595557',150.50,1.00,'2024-06-28',1,'','2024-07-06 11:32:42','2024-07-06 11:32:42',NULL),(235,7,'1596097',391.60,1.00,'2024-07-01',1,'','2024-07-06 11:34:34','2024-07-06 11:34:34',NULL),(236,5,'711655',185.91,1.00,'2024-07-01',1,'','2024-07-06 11:35:01','2024-07-06 11:35:01',NULL),(237,5,'704889',1003.28,1.00,'2024-06-25',3,'','2024-07-06 11:35:27','2024-07-06 11:35:27',NULL),(238,23,'1666',150.00,1.00,'2024-07-02',1,'','2024-07-06 11:35:55','2024-07-06 11:35:55',NULL),(239,5,'715413',552.72,1.00,'2024-07-03',1,'','2024-07-06 11:36:29','2024-07-06 11:36:29',NULL),(240,3,'430146',5200.00,1.00,'2024-07-02',1,'','2024-07-06 11:36:57','2024-07-06 11:36:57',NULL),(243,7,'1596953',608.24,1.00,'2024-07-03',1,'','2024-07-06 11:50:45','2024-07-06 11:50:45',NULL),(245,24,'571899',575.23,1.00,'2024-07-03',1,'','2024-07-06 11:51:17','2024-07-06 11:51:17',NULL),(247,39,'1510112',302.00,1.00,'2024-07-03',1,'','2024-07-08 09:47:49','2024-07-08 09:47:49',NULL),(248,5,'717137',276.36,1.00,'2024-07-04',3,'','2024-07-08 09:48:31','2024-07-08 09:48:31',NULL),(249,7,'1596461',227.07,1.00,'2028-07-02',3,'','2024-07-08 09:48:59','2024-07-08 09:48:59',NULL),(250,19,'13746',284.70,1.00,'2024-07-04',5,'','2024-07-15 12:48:31','2024-07-15 12:48:31',NULL),(251,15,'8820411',708.66,5.00,'2024-07-09',2,'','2024-07-15 12:50:18','2024-07-15 12:51:15',NULL),(252,15,'8818029',5992.99,29.00,'2024-07-08',2,'','2024-07-15 12:50:55','2024-07-15 12:50:55',NULL),(253,15,'8814145',966.32,1.00,'2024-07-04',2,'','2024-07-15 12:52:00','2024-07-15 12:52:00',NULL),(255,19,'13757',379.60,1.00,'2024-07-08',3,'','2024-07-15 12:53:20','2024-07-15 12:53:20',NULL),(256,2,'2432724',300.28,1.00,'2024-07-05',1,'','2024-07-15 12:53:51','2024-07-15 12:53:51',NULL),(257,26,'188708',120.00,1.00,'2024-07-03',1,'','2024-07-15 12:54:21','2024-07-15 12:54:21',NULL),(258,77,'151042',1568.72,9.00,'2024-07-04',4,'','2024-07-15 12:57:06','2024-07-15 12:57:06',NULL),(259,77,'151033',4610.86,26.00,'2024-07-04',2,'','2024-07-15 12:57:58','2024-07-15 12:57:58',NULL),(260,15,'8823039',2006.62,10.00,'2024-07-09',6,'','2024-07-15 12:58:43','2024-07-15 12:58:43',NULL),(261,77,'151041',1568.85,10.00,'2024-07-04',6,'','2024-07-15 13:00:16','2024-07-15 13:00:16',NULL),(262,15,'8822258',1926.05,10.00,'2024-07-09',4,'','2024-07-15 13:01:10','2024-07-15 13:01:10',NULL),(264,5,'727377',276.36,1.00,'2024-07-12',1,'','2024-07-15 17:16:26','2024-07-15 17:16:26',NULL),(265,5,'721078',501.64,1.00,'2024-07-08',3,'','2024-07-16 11:11:07','2024-07-16 11:11:07',NULL),(266,78,'10287',560.00,1.00,'2024-06-18',1,'','2024-07-16 11:13:45','2024-07-16 11:13:45',NULL),(267,79,'653421',28.90,1.00,'2024-07-17',1,'','2024-07-22 11:12:07','2024-07-22 11:12:07',NULL),(268,80,'695245',155.00,1.00,'2024-07-05',1,'','2024-07-22 11:12:49','2024-07-22 11:12:49',NULL),(269,73,'12446',224.01,1.00,'2024-07-08',1,'','2024-07-22 11:13:17','2024-07-22 11:13:17',NULL),(270,5,'729048',552.76,1.00,'2024-07-15',3,'','2024-07-22 11:14:33','2024-07-22 11:14:33',NULL),(271,5,'728971',185.91,1.00,'2024-07-15',1,'','2024-07-22 11:15:35','2024-07-22 11:15:35',NULL),(272,24,'578333',302.38,1.00,'2024-07-17',1,'','2024-07-22 11:16:20','2024-07-22 11:16:20',NULL),(273,41,'14182',260.00,1.00,'2024-07-15',1,'','2024-07-22 11:16:40','2024-07-22 11:16:40',NULL),(274,13,'6593',1088.00,1.00,'2024-07-15',1,'','2024-07-22 11:17:01','2024-07-22 11:17:01',NULL),(275,24,'577033',285.43,1.00,'2024-07-15',1,'','2024-07-22 11:17:30','2024-07-22 11:17:30',NULL),(276,15,'8830895',1328.69,7.00,'2024-07-12',2,'','2024-07-22 11:18:00','2024-07-22 11:18:00',NULL),(277,83,'1117605',99.00,1.00,'2024-07-23',1,'','2024-07-23 17:35:16','2024-07-23 17:35:16',NULL),(278,82,'1828',25.20,1.00,'2024-07-23',1,'','2024-07-23 17:36:00','2024-07-23 17:36:00',NULL),(279,81,'648420',33.60,1.00,'2024-07-23',1,'','2024-07-23 17:36:24','2024-07-23 17:36:24',NULL),(280,18,'2990911',9864.55,78.00,'2024-07-23',2,'','2024-07-31 11:33:18','2024-07-31 11:34:52',NULL),(281,15,'8857954',1219.30,6.00,'2024-07-25',2,'','2024-07-31 11:34:17','2024-07-31 11:34:33',NULL),(282,15,'8846713',2036.75,10.00,'2024-07-20',2,'','2024-07-31 11:35:47','2024-07-31 11:35:47',NULL),(283,15,'8845102',1182.33,5.00,'2024-07-20',4,'','2024-07-31 11:36:18','2024-07-31 11:36:18',NULL),(284,77,'152069',791.43,4.00,'2024-07-18',2,'','2024-07-31 11:36:54','2024-07-31 11:36:54',NULL),(285,69,'51310',6854.13,1.00,'2024-07-23',2,'','2024-07-31 11:37:21','2024-07-31 11:37:21',NULL),(286,18,'2988606',3518.42,29.00,'2024-07-16',2,'','2024-07-31 11:37:58','2024-08-07 10:46:07',NULL),(287,18,'2990482',3630.76,35.00,'2024-07-22',6,'','2024-07-31 11:38:36','2024-07-31 11:38:36',NULL),(288,84,'23528',529.98,1.00,'2024-07-23',1,'','2024-07-31 11:46:25','2024-07-31 11:58:54',NULL),(289,85,'316407',419.69,1.00,'2024-07-31',1,'','2024-07-31 11:52:59','2024-07-31 11:52:59',NULL),(290,86,'35869',755.00,1.00,'2024-07-29',2,'','2024-07-31 11:54:00','2024-07-31 11:54:00',NULL),(291,2,'2442894',553.49,1.00,'2024-07-16',5,'','2024-07-31 11:54:31','2024-07-31 11:54:31',NULL),(292,7,'1601657',445.69,1.00,'2024-07-19',3,'','2024-07-31 11:55:29','2024-07-31 11:55:29',NULL),(293,7,'1600189',355.66,1.00,'2024-07-16',3,'','2024-07-31 11:55:55','2024-07-31 11:55:55',NULL),(294,2,'2444195',226.02,1.00,'2024-07-17',3,'','2024-07-31 11:56:30','2024-07-31 11:56:30',NULL),(295,51,'13711663',1346.07,1.00,'2024-07-24',1,'','2024-07-31 11:58:10','2024-07-31 11:58:10',NULL),(296,12,'433247',2600.00,1.00,'2024-07-22',1,'','2024-07-31 11:59:31','2024-07-31 11:59:31',NULL),(297,87,'752461',1694.42,1.00,'2024-07-23',1,'','2024-07-31 12:01:44','2024-07-31 12:01:44',NULL),(298,42,'39914',420.00,1.00,'2024-07-23',1,'','2024-07-31 12:16:40','2024-07-31 12:16:40',NULL),(299,4,'739373',360.45,1.00,'2024-04-23',1,'','2024-07-31 12:17:16','2024-07-31 12:17:16',NULL),(300,5,'732664',450.52,1.00,'2024-07-17',1,'','2024-07-31 12:18:16','2024-07-31 12:18:16',NULL),(301,2,'2447010',440.48,1.00,'2024-07-19',5,'','2024-07-31 12:18:44','2024-07-31 12:18:44',NULL),(302,7,'1600092',75.25,1.00,'2024-07-16',1,'','2024-07-31 12:21:05','2024-07-31 12:21:05',NULL),(303,7,'1599481',150.50,1.00,'2024-07-15',1,'','2024-07-31 12:21:58','2024-07-31 12:21:58',NULL),(304,7,'1597657',150.50,1.00,'2027-07-11',1,'','2024-07-31 12:22:27','2024-07-31 12:22:27',NULL),(305,7,'1598651',140.00,1.00,'2024-07-11',1,'','2024-07-31 12:22:55','2024-07-31 12:22:55',NULL),(306,7,'1600998',296.26,1.00,'2024-07-17',1,'','2024-07-31 12:23:17','2024-07-31 12:23:17',NULL),(307,26,'189289',60.00,1.00,'2024-07-16',1,'','2024-07-31 12:23:59','2024-07-31 12:23:59',NULL),(308,11,'580628',287.76,1.00,'2024-07-22',1,'','2024-07-31 12:24:51','2024-07-31 12:24:51',NULL),(309,8,'150144',1086.38,1.00,'2024-07-31',1,'','2024-08-02 16:02:13','2024-08-02 16:02:13',NULL),(310,43,'11782',912.91,1.00,'2024-07-30',1,'','2024-08-02 16:02:45','2024-08-02 16:02:45',NULL),(311,5,'740090',276.36,1.00,'2024-07-24',3,'','2024-08-02 16:03:22','2024-08-02 16:03:22',NULL),(312,18,'2992793',594.73,3.00,'2024-07-26',2,'','2024-08-02 16:03:51','2024-08-02 16:03:51',NULL),(316,75,'962090',86.95,1.00,'2024-07-25',1,'','2024-08-07 12:15:37','2024-08-07 12:15:37',NULL),(317,75,'209',97.17,1.00,'2024-07-24',1,'','2024-08-07 12:15:59','2024-08-07 12:15:59',NULL),(319,5,'747417',225.26,1.00,'2024-07-30',5,'','2024-08-07 12:17:07','2024-08-07 12:17:07',NULL),(320,5,'745490',120.62,1.00,'2024-07-29',5,'','2024-08-07 12:17:40','2024-08-07 12:17:40',NULL),(321,92,'1754829',661.65,1.00,'2024-08-05',1,'','2024-08-08 16:03:45','2024-08-08 16:03:45',NULL),(322,8,'150551',945.00,1.00,'2024-08-06',1,'','2024-08-08 16:06:48','2024-08-08 16:06:48','2024-08-08 16:07:20'),(323,93,'538221',221.90,1.00,'2024-08-01',1,'','2024-08-08 16:08:34','2024-08-08 16:08:34',NULL),(324,4,'758116',389.38,1.00,'2024-08-05',1,'','2024-08-08 16:09:03','2024-08-08 16:09:03',NULL),(325,43,'11867',567.68,1.00,'2024-08-02',1,'','2024-08-08 16:09:38','2024-08-08 16:09:38',NULL),(326,94,'11363',355.30,1.00,'2024-08-01',1,'','2024-08-08 16:10:38','2024-08-08 16:10:38',NULL),(327,39,'5423',302.00,1.00,'2024-08-01',1,'','2024-08-08 16:11:24','2024-08-08 16:11:24',NULL),(328,39,'1536509',302.00,1.00,'2024-08-01',1,'','2024-08-08 16:11:53','2024-08-08 16:11:53',NULL),(329,41,'142002',943.00,1.00,'2024-08-01',1,'','2024-08-08 16:12:22','2024-08-08 16:12:22',NULL),(330,19,'13967',664.30,1.00,'2024-08-06',1,'','2024-08-08 16:15:00','2024-08-08 16:15:00',NULL),(331,2,'2468989',300.28,1.00,'2024-08-08',1,'','2024-08-14 15:45:59','2024-08-14 15:45:59',NULL),(332,7,'1600999',311.98,1.00,'2024-07-17',1,'','2024-08-14 15:46:34','2024-08-14 15:46:34',NULL),(333,7,'1602436',75.25,1.00,'2024-07-23',1,'','2024-08-14 15:47:04','2024-08-14 15:47:04',NULL),(334,7,'1606954',148.13,1.00,'2024-08-05',1,'','2024-08-14 15:47:34','2024-08-14 15:47:34',NULL),(335,52,'545616',92.19,1.00,'2024-08-01',1,'','2024-08-14 15:48:45','2024-08-14 15:48:45',NULL),(336,52,'545632',154.75,1.00,'2024-08-01',1,'','2024-08-14 15:49:29','2024-08-14 15:49:29',NULL),(337,5,'745242',168.14,1.00,'2024-07-29',1,'','2024-08-14 15:50:01','2024-08-14 15:50:01',NULL),(339,19,'13964',379.60,3.00,'2024-08-06',3,'','2024-08-14 15:52:14','2024-08-14 15:52:14',NULL),(340,26,'189927',156.00,1.00,'2024-07-30',1,'','2024-08-14 15:52:52','2024-08-14 15:52:52',NULL),(341,2,'2464296',220.24,1.00,'2024-08-05',3,'','2024-08-14 15:53:33','2024-08-14 15:53:33',NULL),(342,2,'2459353',220.24,1.00,'2024-07-30',3,'','2024-08-14 15:54:35','2024-08-14 15:54:35',NULL),(343,7,'1605317',616.74,1.00,'2024-07-31',3,'','2024-08-14 15:55:05','2024-08-14 15:55:05',NULL),(345,15,'8886813',773.47,4.00,'2024-08-06',2,'','2024-08-14 15:57:07','2024-08-14 15:57:07',NULL),(346,58,'10593',3014.37,1.00,'2024-08-09',1,'','2024-08-14 15:58:02','2024-08-14 15:58:02',NULL),(347,96,'921788',240.75,1.00,'2024-08-13',1,'','2024-08-14 15:59:30','2024-08-14 15:59:30',NULL),(348,69,'52458',3769.01,20.00,'2024-08-01',4,'','2024-08-14 15:59:54','2024-08-14 16:00:53',NULL),(349,97,'6942',1090.00,30.00,'2024-08-12',2,'','2024-08-14 16:02:52','2024-08-14 16:05:26',NULL),(350,97,'6943',1040.00,30.00,'2024-08-12',4,'','2024-08-14 16:03:51','2024-08-14 16:05:09',NULL),(351,97,'6944',710.00,20.00,'2024-08-12',6,'','2024-08-14 16:04:48','2024-08-14 16:04:56',NULL),(352,98,'3275',135.00,1.00,'2024-08-09',1,'','2024-08-15 11:11:26','2024-08-15 11:11:26',NULL),(353,7,'1608589',272.07,1.00,'2024-08-09',1,'','2024-08-15 11:12:33','2024-08-15 11:12:33',NULL),(354,7,'1608590',391.60,1.00,'2024-08-09',1,'','2024-08-15 11:13:13','2024-08-15 11:13:13',NULL),(355,70,'75230',1400.00,1.00,'2024-08-13',1,'','2024-08-15 11:13:41','2024-08-15 11:13:41',NULL);
/*!40000 ALTER TABLE `compras_notas` ENABLE KEYS */;
UNLOCK TABLES;

--
-- Table structure for table `compras_pedidos`
--

DROP TABLE IF EXISTS `compras_pedidos`;
/*!40101 SET @saved_cs_client     = @@character_set_client */;
/*!50503 SET character_set_client = utf8mb4 */;
CREATE TABLE `compras_pedidos` (
  `id_compra_pedido` int NOT NULL AUTO_INCREMENT,
  `id_usuario` int NOT NULL,
  `titulo` varchar(120) NOT NULL,
  `empresa` int NOT NULL,
  `link` text,
  `setor` varchar(100) NOT NULL,
  `created_at` datetime NOT NULL,
  `updated_at` datetime NOT NULL,
  `deleted_at` datetime DEFAULT NULL,
  `descricao` text,
  `urgencia` int NOT NULL,
  `status` varchar(100) DEFAULT NULL,
  PRIMARY KEY (`id_compra_pedido`),
  KEY `fk_compras_pedidos_usuarios_idx` (`id_usuario`)
) ENGINE=MyISAM AUTO_INCREMENT=6 DEFAULT CHARSET=utf8mb4 COLLATE=utf8mb4_0900_ai_ci;
/*!40101 SET character_set_client = @saved_cs_client */;

--
-- Dumping data for table `compras_pedidos`
--

LOCK TABLES `compras_pedidos` WRITE;
/*!40000 ALTER TABLE `compras_pedidos` DISABLE KEYS */;
INSERT INTO `compras_pedidos` VALUES (2,1,'3x Teclados Rise Mode',1,'https://www.kabum.com.br/produto/380825/teclado-rise-mode-office-of-01-usb-abnt-com-teclado-numerico-preto-rm-tc-01-fb','ti','2024-08-01 11:13:25','2024-08-14 11:24:04',NULL,'3x Teclados Reservas',2,'negado'),(3,1,'3x Computadores',1,'https://www.amazon.com.br/Computador-Intel-240gb-Liquida%C3%A7%C3%A3o-Total/dp/B07YSV1GNM/ref=asc_df_B07YSV1GNM/?hvadid=379727321950&hvpos=&hvnetw=g&hvrand=15095095530404058063&hvpone=&hvptwo=&hvqmt=&hvdev=c&hvdvcmdl=&hvlocint=&hvlocphy=9196721&hvtargid=pla-864359324095&psc=1&mcid=2e20f435f3113bdbbbe2e64e7633fea2','ti','2024-08-01 11:24:28','2024-08-02 08:30:45',NULL,'',2,'negado'),(4,1,'3x Kits',1,'https://www.kabum.com.br/produto/317232/computador-completo-3green-intel-core-i5-8gb-ram-512gb-ssd-windows-10-monitor-led-19-5-','ti','2024-08-01 12:36:16','2024-08-01 12:48:05',NULL,'3x Kits com Computador, Monitor, Teclado e Mouse',3,'comprado'),(5,5,'Teste2',1,'','rh','2024-08-03 10:05:43','2024-08-03 11:17:09',NULL,'',1,'negado');
/*!40000 ALTER TABLE `compras_pedidos` ENABLE KEYS */;
UNLOCK TABLES;

--
-- Table structure for table `financeiro_boletos`
--

DROP TABLE IF EXISTS `financeiro_boletos`;
/*!40101 SET @saved_cs_client     = @@character_set_client */;
/*!50503 SET character_set_client = utf8mb4 */;
CREATE TABLE `financeiro_boletos` (
  `id_financeiro_boleto` int NOT NULL AUTO_INCREMENT,
  `n_boleto` char(10) NOT NULL,
  `id_campanha` int NOT NULL,
  `id_usuario` int NOT NULL,
  `id_empresa` int NOT NULL,
  `cliente` varchar(150) NOT NULL,
  `data_venda` date NOT NULL,
  `valor` double(10,2) NOT NULL,
  `valor_pago` double(10,2) DEFAULT '0.00',
  `data_pago` date DEFAULT NULL,
  `created_at` datetime NOT NULL,
  `updated_at` datetime NOT NULL,
  `deleted_at` datetime DEFAULT NULL,
  PRIMARY KEY (`id_financeiro_boleto`),
  KEY `fk_financeiro_boletos_usuarios_idx` (`id_usuario`),
  KEY `fk_financeiro_boletos_campanhas_idx` (`id_campanha`),
  CONSTRAINT `fk_financeiro_boletos_financeiro_campanhas` FOREIGN KEY (`id_campanha`) REFERENCES `financeiro_campanhas` (`id_financeiro_campanha`),
  CONSTRAINT `fk_financeiro_boletos_usuarios` FOREIGN KEY (`id_usuario`) REFERENCES `usuarios` (`id_usuario`)
) ENGINE=InnoDB AUTO_INCREMENT=3 DEFAULT CHARSET=utf8mb4 COLLATE=utf8mb4_0900_ai_ci;
/*!40101 SET character_set_client = @saved_cs_client */;

--
-- Dumping data for table `financeiro_boletos`
--

LOCK TABLES `financeiro_boletos` WRITE;
/*!40000 ALTER TABLE `financeiro_boletos` DISABLE KEYS */;
INSERT INTO `financeiro_boletos` VALUES (1,'43985',1,8,2,'Diego Oliveira Silva','2024-07-27',629.70,629.70,'2024-08-15','2024-08-15 09:58:28','2024-08-15 12:50:12',NULL),(2,'44059',2,7,2,'Maria Jose Barbosa Euclides','2024-07-26',900.00,0.00,NULL,'2024-08-15 10:50:24','2024-08-15 10:50:24',NULL);
/*!40000 ALTER TABLE `financeiro_boletos` ENABLE KEYS */;
UNLOCK TABLES;

--
-- Table structure for table `financeiro_campanhas`
--

DROP TABLE IF EXISTS `financeiro_campanhas`;
/*!40101 SET @saved_cs_client     = @@character_set_client */;
/*!50503 SET character_set_client = utf8mb4 */;
CREATE TABLE `financeiro_campanhas` (
  `id_financeiro_campanha` int NOT NULL AUTO_INCREMENT,
  `nome` varchar(100) NOT NULL,
  `periodo_inicio` date NOT NULL,
  `periodo_fim` date NOT NULL,
  `data_pagamento` date NOT NULL,
  `created_at` datetime NOT NULL,
  `updated_at` datetime NOT NULL,
  `deleted_at` datetime DEFAULT NULL,
  PRIMARY KEY (`id_financeiro_campanha`)
) ENGINE=InnoDB AUTO_INCREMENT=3 DEFAULT CHARSET=utf8mb4 COLLATE=utf8mb4_0900_ai_ci;
/*!40101 SET character_set_client = @saved_cs_client */;

--
-- Dumping data for table `financeiro_campanhas`
--

LOCK TABLES `financeiro_campanhas` WRITE;
/*!40000 ALTER TABLE `financeiro_campanhas` DISABLE KEYS */;
INSERT INTO `financeiro_campanhas` VALUES (1,'Campanha 63','2024-08-21','2024-09-20','2024-11-05','2024-08-14 09:02:13','2024-08-14 09:02:13',NULL),(2,'Campanha 62','2024-07-21','2024-08-20','2024-10-05','2024-08-15 10:48:56','2024-08-15 10:48:56',NULL);
/*!40000 ALTER TABLE `financeiro_campanhas` ENABLE KEYS */;
UNLOCK TABLES;

--
-- Table structure for table `logs`
--

DROP TABLE IF EXISTS `logs`;
/*!40101 SET @saved_cs_client     = @@character_set_client */;
/*!50503 SET character_set_client = utf8mb4 */;
CREATE TABLE `logs` (
  `id_log` int NOT NULL AUTO_INCREMENT,
  `id_usuario` int NOT NULL,
  `acao` varchar(100) NOT NULL,
  `descricao` text NOT NULL,
  `data` datetime NOT NULL,
  PRIMARY KEY (`id_log`),
  KEY `fk_logs_idx` (`id_usuario`),
  CONSTRAINT `fk_logs` FOREIGN KEY (`id_usuario`) REFERENCES `usuarios` (`id_usuario`)
) ENGINE=InnoDB AUTO_INCREMENT=549 DEFAULT CHARSET=utf8mb4 COLLATE=utf8mb4_0900_ai_ci;
/*!40101 SET character_set_client = @saved_cs_client */;

--
-- Dumping data for table `logs`
--

LOCK TABLES `logs` WRITE;
/*!40000 ALTER TABLE `logs` DISABLE KEYS */;
INSERT INTO `logs` VALUES (1,1,'Editar','Editou a nota de compra: 0555 (1)','2024-04-20 10:55:31'),(2,1,'Desativar','Desativou a nota de compra (1)','2024-04-20 10:57:49'),(3,1,'Editar','Editou a nota de compra: 0555 (1)','2024-04-20 11:03:48'),(4,1,'Cadastrar','Cadastrou a categoria de compra: Lente Intraocular (2)','2024-04-20 11:21:48'),(5,1,'Cadastrar','Cadastrou o fornecedor de compra: Carl Zeiss Do Brasil Ltda (6)','2024-04-20 11:22:19'),(6,1,'Cadastrar','Cadastrou a nota de compra: 94965 (3)','2024-04-20 11:23:28'),(7,1,'Cadastrar','Cadastrou a nota de compra: 600 (4)','2024-04-22 10:44:07'),(8,1,'Cadastrar','Cadastrou a nota de compra: 5161 (5)','2024-04-22 11:07:39'),(9,1,'Cadastrar','Cadastrou a nota de compra: 6166 (6)','2024-04-22 12:41:12'),(10,1,'Cadastrar','Cadastrou a nota de compra: 5151 (7)','2024-04-22 13:01:13'),(11,1,'Cadastrar','Cadastrou a nota de compra: 05500010 (8)','2024-04-23 11:14:37'),(12,1,'Cadastrar','Cadastrou o setor: Compras (3)','2024-04-23 11:28:02'),(13,1,'Cadastrar','Cadastrou o cargo: Assistente De Compra Sênior (19)','2024-04-23 11:28:22'),(14,1,'Cadastrar','Cadastrou o usuário: Alessandra Vieira Nunes (6)','2024-04-23 11:36:22'),(15,6,'Editar','Editou o usuário: Alessandra Vieira Nunes (6)','2024-04-23 11:40:24'),(16,6,'Cadastrar','Cadastrou a categoria de compra: Lente Intraocular (1)','2024-04-23 11:42:12'),(17,6,'Cadastrar','Cadastrou o fornecedor de compra: Carl Zeiss Do Brasil Ltda (1)','2024-04-23 11:43:59'),(18,6,'Cadastrar','Cadastrou a nota de compra: 94965 (1)','2024-04-23 11:45:21'),(19,6,'Cadastrar','Cadastrou a categoria de compra: Lente De Contato (2)','2024-04-25 11:40:09'),(20,6,'Cadastrar','Cadastrou o fornecedor de compra: Coopervision (2)','2024-04-25 11:41:25'),(21,6,'Cadastrar','Cadastrou a nota de compra: 2340759 (2)','2024-04-25 11:42:24'),(22,6,'Cadastrar','Cadastrou o fornecedor de compra: Adapt Produtos Oft Ltda (3)','2024-04-25 11:43:44'),(23,6,'Cadastrar','Cadastrou a nota de compra: 417348 (3)','2024-04-25 11:44:33'),(24,6,'Cadastrar','Cadastrou a categoria de compra: Produtos De Limpeza (3)','2024-04-25 11:47:29'),(25,6,'Cadastrar','Cadastrou o fornecedor de compra: Sales Distribuidora Ltda (4)','2024-04-25 11:47:58'),(26,6,'Cadastrar','Cadastrou a nota de compra: 601165 (4)','2024-04-25 11:48:27'),(27,6,'Cadastrar','Cadastrou o fornecedor de compra: Johnson & Johnson Br Ind Com. Prod. Saude Ltda (5)','2024-04-25 11:49:09'),(28,6,'Cadastrar','Cadastrou a nota de compra: 623548 (5)','2024-04-25 11:49:39'),(29,6,'Cadastrar','Cadastrou o fornecedor de compra: Bl Industria Ltda (6)','2024-04-25 11:50:08'),(30,6,'Cadastrar','Cadastrou a nota de compra: 520059 (6)','2024-04-25 11:50:48'),(31,6,'Cadastrar','Cadastrou o fornecedor de compra: Solotica Distr. De Prod. Opticos Eireli (7)','2024-04-25 11:51:25'),(32,6,'Cadastrar','Cadastrou a nota de compra: 1570833 (7)','2024-04-25 11:51:52'),(33,6,'Cadastrar','Cadastrou a nota de compra: 1570877 (8)','2024-04-25 11:52:20'),(34,6,'Cadastrar','Cadastrou a nota de compra: 1570876 (9)','2024-04-25 11:52:46'),(35,6,'Cadastrar','Cadastrou a nota de compra: 621532 (10)','2024-04-25 11:53:55'),(36,6,'Cadastrar','Cadastrou a nota de compra: 621533 (11)','2024-04-25 11:54:15'),(37,6,'Cadastrar','Cadastrou a nota de compra: 621531 (12)','2024-04-25 11:54:34'),(38,6,'Cadastrar','Cadastrou a nota de compra: 609758 (13)','2024-04-25 11:55:08'),(39,6,'Cadastrar','Cadastrou o fornecedor de compra: Ophthalmos Ltda (8)','2024-04-25 11:55:34'),(40,6,'Cadastrar','Cadastrou a nota de compra: 142180 (14)','2024-04-25 11:55:56'),(41,6,'Cadastrar','Cadastrou a categoria de compra: Medicamentos (4)','2024-04-25 11:56:54'),(42,6,'Cadastrar','Cadastrou o fornecedor de compra: Alcon (9)','2024-04-25 11:57:15'),(43,6,'Cadastrar','Cadastrou o fornecedor de compra: Alcon (10)','2024-04-25 11:58:25'),(44,6,'Cadastrar','Cadastrou o fornecedor de compra: Alcon (11)','2024-04-25 11:59:58'),(45,6,'Desativar','Desativou o fornecedor de compra Alcon (9)','2024-04-25 12:00:48'),(46,6,'Desativar','Desativou o fornecedor de compra Alcon (10)','2024-04-25 12:00:51'),(47,6,'Editar','Editou o fornecedor de compra: Alcon (11)','2024-04-25 12:01:25'),(48,6,'Editar','Editou o fornecedor de compra: Alcon (11)','2024-04-25 12:01:31'),(49,6,'Cadastrar','Cadastrou a nota de compra: 537382 (15)','2024-04-25 12:14:43'),(50,6,'Cadastrar','Cadastrou o fornecedor de compra: Adapt Hospitalra Dist Medicamentos Ltda (12)','2024-04-25 12:15:13'),(51,6,'Cadastrar','Cadastrou o fornecedor de compra: Beta Surgical Materiais Medicos Ltda (13)','2024-04-25 12:15:47'),(52,6,'Cadastrar','Cadastrou a categoria de compra: ArmaÇÕes (5)','2024-04-25 12:16:07'),(53,6,'Cadastrar','Cadastrou o fornecedor de compra: Luxottica Brasil Prod Oticos Esp Ltda (14)','2024-04-25 12:16:52'),(54,6,'Desativar','Desativou o fornecedor de compra Luxottica Brasil Prod Oticos Esp Ltda (14)','2024-04-25 12:17:06'),(55,6,'Cadastrar','Cadastrou a categoria de compra: ArmaÇÕes (6)','2024-04-25 12:17:18'),(56,6,'Desativar','Desativou a categoria de compra ArmaÇÕes (6)','2024-04-25 12:17:23'),(57,6,'Cadastrar','Cadastrou o fornecedor de compra: Luxottica Brasil Prod Oticos Esp Ltda (15)','2024-04-25 12:17:45'),(58,6,'Editar','Editou a categoria de compra: Armações (5)','2024-04-25 12:23:22'),(59,6,'Cadastrar','Cadastrou a nota de compra: 8628386 (16)','2024-04-25 12:30:33'),(60,6,'Cadastrar','Cadastrou a nota de compra: 6359 (17)','2024-04-25 12:31:15'),(61,6,'Cadastrar','Cadastrou a categoria de compra: Estojo De Oculos (7)','2024-04-25 14:11:47'),(62,6,'Cadastrar','Cadastrou o fornecedor de compra: J L Injecao De Plasticos Ltda (16)','2024-04-25 14:11:58'),(63,6,'Cadastrar','Cadastrou a nota de compra: 3803 (18)','2024-04-25 14:12:28'),(64,6,'Cadastrar','Cadastrou a categoria de compra: Manutencao Predial (8)','2024-04-25 14:13:08'),(65,6,'Cadastrar','Cadastrou o fornecedor de compra: 3 De Maio (17)','2024-04-25 14:13:34'),(66,6,'Cadastrar','Cadastrou o fornecedor de compra: Kenerson Ind E Com De Prod Opticos Ltda (18)','2024-04-25 14:13:59'),(67,6,'Cadastrar','Cadastrou a nota de compra: 237583 (19)','2024-04-26 12:29:58'),(68,6,'Cadastrar','Cadastrou a nota de compra: 8636240 (20)','2024-04-27 09:10:20'),(69,6,'Cadastrar','Cadastrou a nota de compra: 837176 (21)','2024-04-29 11:27:35'),(70,6,'Cadastrar','Cadastrou o fornecedor de compra: Raami Comercio De Produtos De Limpeza Ltda (19)','2024-04-29 12:19:25'),(71,6,'Cadastrar','Cadastrou a nota de compra: 13257 (22)','2024-04-29 12:19:52'),(72,6,'Cadastrar','Cadastrou a nota de compra: 142775 (23)','2024-04-29 16:49:39'),(73,6,'Cadastrar','Cadastrou a nota de compra: 96537 (24)','2024-04-29 16:52:04'),(74,6,'Cadastrar','Cadastrou o fornecedor de compra: Jjsv Produtos óticos Ltda (20)','2024-04-29 16:53:17'),(75,6,'Cadastrar','Cadastrou a nota de compra: 438681 (25)','2024-04-29 16:53:45'),(76,6,'Cadastrar','Cadastrou a nota de compra: 1572029 (26)','2024-04-30 14:02:02'),(77,6,'Cadastrar','Cadastrou a nota de compra: 1569409 (27)','2024-04-30 14:02:32'),(78,6,'Cadastrar','Cadastrou a nota de compra: 629613 (28)','2024-04-30 14:04:36'),(79,6,'Cadastrar','Cadastrou a nota de compra: 617936 (29)','2024-04-30 14:05:07'),(80,6,'Cadastrar','Cadastrou a categoria de compra: Materiais De Escritorio (9)','2024-04-30 14:09:21'),(81,6,'Editar','Editou a categoria de compra: Materiais De Escritorio / (9)','2024-04-30 14:09:55'),(82,6,'Cadastrar','Cadastrou o fornecedor de compra: Wg Negocios Corporativos (22)','2024-04-30 14:10:12'),(83,6,'Cadastrar','Cadastrou a nota de compra: 1625 (30)','2024-04-30 14:10:40'),(84,6,'Cadastrar','Cadastrou a nota de compra: 54230 (31)','2024-04-30 14:21:28'),(85,1,'Editar','Editou a categoria de compra: Materiais De Escritorio (9)','2024-05-02 12:27:42'),(86,1,'Cadastrar','Cadastrou a nota de compra: 51515 (32)','2024-05-03 07:46:12'),(87,1,'Cadastrar','Cadastrou a nota de compra: 51515 (33)','2024-05-03 07:52:25'),(88,1,'Editar','Editou a nota de compra: 51515 (33)','2024-05-03 07:53:56'),(89,1,'Desativar','Desativou a nota de compra (33)','2024-05-03 08:42:30'),(90,6,'Cadastrar','Cadastrou a categoria de compra: Manutenção De Equipamentos (10)','2024-05-03 10:17:57'),(91,6,'Cadastrar','Cadastrou o fornecedor de compra: Wg Negocios Corporativos (23)','2024-05-03 10:18:17'),(92,6,'Editar','Editou a nota de compra: 54230 (31)','2024-05-03 10:18:42'),(93,6,'Cadastrar','Cadastrou a nota de compra: 1576706 (34)','2024-05-09 11:32:00'),(94,6,'Cadastrar','Cadastrou a nota de compra: 1576204 (35)','2024-05-09 11:32:39'),(95,6,'Cadastrar','Cadastrou a nota de compra: 1576713 (36)','2024-05-09 11:33:06'),(96,6,'Cadastrar','Cadastrou o fornecedor de compra: Alcon (24)','2024-05-09 11:35:47'),(97,6,'Cadastrar','Cadastrou a nota de compra: 539408 (37)','2024-05-09 11:38:03'),(98,6,'Cadastrar','Cadastrou o fornecedor de compra: Coopervision  Do Brasil Ltda (25)','2024-05-09 11:38:59'),(99,6,'Cadastrar','Cadastrou a nota de compra: 2349248 (38)','2024-05-09 11:39:37'),(100,6,'Cadastrar','Cadastrou a nota de compra: 1575417 (39)','2024-05-09 11:40:07'),(101,6,'Cadastrar','Cadastrou a nota de compra: 639028 (40)','2024-05-09 11:40:42'),(102,6,'Cadastrar','Cadastrou a nota de compra: 2340243 (41)','2024-05-09 11:41:51'),(103,6,'Cadastrar','Cadastrou a nota de compra: 636286 (42)','2024-05-09 11:42:18'),(104,6,'Cadastrar','Cadastrou a nota de compra: 540126 (43)','2024-05-09 11:43:04'),(105,6,'Cadastrar','Cadastrou o fornecedor de compra: Optlentes Lentes De Contato Ltda (26)','2024-05-09 11:43:49'),(106,6,'Cadastrar','Cadastrou a nota de compra: 187534 (44)','2024-05-09 11:44:28'),(107,6,'Editar','Editou o fornecedor de compra: Optolentes Lentes De Contato Ltda (26)','2024-05-09 11:45:04'),(108,6,'Cadastrar','Cadastrou a nota de compra: 1577003 (45)','2024-05-09 11:46:11'),(109,6,'Cadastrar','Cadastrou o fornecedor de compra: Ophthalmos Ltda (27)','2024-05-09 11:47:09'),(110,6,'Cadastrar','Cadastrou a nota de compra: 143227 (46)','2024-05-09 11:47:42'),(111,6,'Cadastrar','Cadastrou a nota de compra: 417348 (47)','2024-05-09 11:48:41'),(112,6,'Cadastrar','Cadastrou a nota de compra: 420865 (48)','2024-05-09 11:50:38'),(113,6,'Cadastrar','Cadastrou o fornecedor de compra: Agf Express Materiais Medicos Ltda (28)','2024-05-09 11:51:16'),(114,6,'Editar','Editou a categoria de compra: Medicamentos / Material Hospitalar (4)','2024-05-09 11:51:38'),(115,6,'Cadastrar','Cadastrou o fornecedor de compra: Maycare Distribuidora Importadora (29)','2024-05-09 11:52:12'),(116,6,'Cadastrar','Cadastrou o fornecedor de compra: Thiago Rodrigues Cardoso 07541451665 (30)','2024-05-09 11:52:42'),(117,6,'Cadastrar','Cadastrou a nota de compra: 1597 (49)','2024-05-09 11:53:06'),(118,6,'Cadastrar','Cadastrou a nota de compra: 258933 (50)','2024-05-09 11:53:30'),(119,6,'Cadastrar','Cadastrou a nota de compra: 19855 (51)','2024-05-09 11:54:02'),(120,6,'Cadastrar','Cadastrou o fornecedor de compra: Zerbini Do Brasil Ltda (31)','2024-05-09 11:55:36'),(121,6,'Cadastrar','Cadastrou o fornecedor de compra: Marcos Padovan Informatica Me (32)','2024-05-09 11:56:04'),(122,6,'Cadastrar','Cadastrou o fornecedor de compra: Luciano Cavalcante De Souza (33)','2024-05-09 11:57:48'),(123,6,'Cadastrar','Cadastrou o fornecedor de compra: V. Paula Souza Marcondes Comercio (34)','2024-05-09 11:58:56'),(124,6,'Cadastrar','Cadastrou o fornecedor de compra: Br Led Atacadista Ltda (35)','2024-05-09 12:00:30'),(125,6,'Cadastrar','Cadastrou o fornecedor de compra: Ravanna Modas Confeccao Ltda (36)','2024-05-09 12:00:53'),(126,6,'Cadastrar','Cadastrou a nota de compra: 1922858 (52)','2024-05-09 12:01:30'),(127,6,'Cadastrar','Cadastrou a nota de compra: 1932697 (53)','2024-05-09 12:01:58'),(128,6,'Cadastrar','Cadastrou a nota de compra: 87469 (54)','2024-05-09 12:02:26'),(129,6,'Cadastrar','Cadastrou a nota de compra: 4831 (55)','2024-05-09 12:02:51'),(130,6,'Cadastrar','Cadastrou a nota de compra: 13487 (56)','2024-05-09 12:03:18'),(131,6,'Cadastrar','Cadastrou a nota de compra: 142974 (57)','2024-05-09 12:03:42'),(132,6,'Cadastrar','Cadastrou o fornecedor de compra: Ravana Modas Confeccao Ltda (37)','2024-05-09 12:04:29'),(133,6,'Cadastrar','Cadastrou a nota de compra: 7330 (58)','2024-05-09 12:04:56'),(134,6,'Cadastrar','Cadastrou a nota de compra: 8654231 (59)','2024-05-09 12:07:29'),(135,6,'Cadastrar','Cadastrou o fornecedor de compra: Mitev  Casa Das Tintas  Ltda Me (38)','2024-05-09 12:08:13'),(136,6,'Cadastrar','Cadastrou a nota de compra: 5732 (60)','2024-05-09 12:08:44'),(137,6,'Cadastrar','Cadastrou o fornecedor de compra: C M Hospitalar S.a (rpo) (39)','2024-05-09 12:09:27'),(138,6,'Cadastrar','Cadastrou a nota de compra: 1453063 (61)','2024-05-09 12:10:02'),(139,6,'Cadastrar','Cadastrou o fornecedor de compra: Eye Pharma Ltda (40)','2024-05-09 12:11:38'),(140,6,'Cadastrar','Cadastrou a nota de compra: 1127195 (62)','2024-05-09 12:12:06'),(141,6,'Cadastrar','Cadastrou o fornecedor de compra: Vision Line Imp E Com De Mar Equip Med Ltda (41)','2024-05-09 12:12:56'),(142,6,'Cadastrar','Cadastrou a nota de compra: 138103 (63)','2024-05-09 12:13:28'),(143,6,'Cadastrar','Cadastrou o fornecedor de compra: Intertech Ind Prod Med Hosp Ltda Epp (42)','2024-05-09 12:14:20'),(144,6,'Cadastrar','Cadastrou a nota de compra: 38663 (64)','2024-05-09 12:14:48'),(145,6,'Cadastrar','Cadastrou o fornecedor de compra: Apta Hospitalar Dist Mat Medicos Ltda (43)','2024-05-09 12:15:48'),(146,6,'Cadastrar','Cadastrou a nota de compra: 9346 (65)','2024-05-09 12:16:11'),(147,6,'Editar','Editou a categoria de compra: Manutenção Predial (8)','2024-05-09 12:19:00'),(148,6,'Cadastrar','Cadastrou a nota de compra: 607331 (66)','2024-05-09 12:19:27'),(149,6,'Cadastrar','Cadastrou a nota de compra: 238305 (67)','2024-05-09 12:19:51'),(150,6,'Editar','Editou a nota de compra: 8654231 (59)','2024-05-09 12:32:40'),(151,6,'Cadastrar','Cadastrou o fornecedor de compra: Bia Editora Comercio Ltda (44)','2024-05-09 16:40:53'),(152,6,'Cadastrar','Cadastrou a nota de compra: 2130 (68)','2024-05-09 16:41:19'),(153,6,'Cadastrar','Cadastrou a nota de compra: 8654231 (69)','2024-05-09 16:44:10'),(155,1,'Editar','Editou o projeto de ID: 1 e Descrição: abc','2024-05-10 09:03:13'),(156,1,'Editar','Editou o projeto de ID: 1 e Descrição: a','2024-05-10 09:03:16'),(157,1,'Editar','Editou o projeto de ID: 1 e Descrição: a','2024-05-10 09:03:38'),(158,1,'Editar','Editou o projeto de ID: 1 e Descrição: a','2024-05-10 09:03:40'),(159,1,'Desativar','Desativou o projeto de ID: 1','2024-05-10 09:05:41'),(160,1,'Desativar','Desativou o projeto de ID: 1','2024-05-10 09:10:14'),(161,6,'Cadastrar','Cadastrou a nota de compra: 96969 (70)','2024-05-15 12:20:22'),(162,6,'Cadastrar','Cadastrou o fornecedor de compra: Biohosp Produtos Hospitalares S/a (45)','2024-05-15 12:21:43'),(163,6,'Cadastrar','Cadastrou a nota de compra: 658388 (71)','2024-05-15 12:23:50'),(164,6,'Cadastrar','Cadastrou a nota de compra: 143605 (72)','2024-05-15 12:24:28'),(165,6,'Cadastrar','Cadastrou a nota de compra: 1577876 (73)','2024-05-15 12:25:41'),(166,6,'Cadastrar','Cadastrou o fornecedor de compra: Fastlamp Com Ltda Me (46)','2024-05-15 12:26:13'),(167,6,'Cadastrar','Cadastrou a nota de compra: 27377 (74)','2024-05-15 12:26:44'),(168,6,'Cadastrar','Cadastrou a nota de compra: 1637 (75)','2024-05-15 12:30:23'),(169,6,'Cadastrar','Cadastrou a nota de compra: 542490 (76)','2024-05-15 12:31:59'),(170,6,'Cadastrar','Cadastrou a nota de compra: 645804 (77)','2024-05-15 12:32:26'),(171,6,'Cadastrar','Cadastrou a nota de compra: 636669 (78)','2024-05-15 12:32:56'),(172,6,'Editar','Editou a nota de compra: 645804 (77)','2024-05-15 12:33:11'),(173,6,'Cadastrar','Cadastrou a nota de compra: 138103 (79)','2024-05-15 12:33:51'),(174,6,'Cadastrar','Cadastrou o fornecedor de compra: Nacional Comercial Hospitalar S.a (47)','2024-05-15 12:35:17'),(175,6,'Cadastrar','Cadastrou o fornecedor de compra: Medcom Comercio Medicamentos Hospitalares Ltda (48)','2024-05-15 12:35:44'),(176,6,'Cadastrar','Cadastrou a nota de compra: 92060 (80)','2024-05-15 12:36:27'),(177,6,'Cadastrar','Cadastrou a nota de compra: 30,84 (81)','2024-05-15 12:36:52'),(178,6,'Cadastrar','Cadastrou a nota de compra: 931157 (82)','2024-05-15 12:37:34'),(179,6,'Cadastrar','Cadastrou a nota de compra: 8651248 (83)','2024-05-18 11:33:16'),(180,6,'Cadastrar','Cadastrou a nota de compra: 8673638 (84)','2024-05-18 11:34:06'),(181,6,'Cadastrar','Cadastrou a nota de compra: 8685083 (85)','2024-05-18 11:34:40'),(182,6,'Cadastrar','Cadastrou a nota de compra: 2952564 (86)','2024-05-18 11:35:59'),(183,6,'Cadastrar','Cadastrou o fornecedor de compra: Suntech Supplies Ind E Com De Produtosoticos E Esp Ltda (49)','2024-05-18 11:37:09'),(184,6,'Cadastrar','Cadastrou a nota de compra: 147176 (87)','2024-05-18 11:37:43'),(185,6,'Editar','Editou a nota de compra: 147176 (87)','2024-05-18 11:38:00'),(186,6,'Editar','Editou a nota de compra: 8651248 (83)','2024-05-18 12:25:41'),(187,6,'Editar','Editou a nota de compra: 270710 (81)','2024-05-20 11:09:37'),(188,6,'Cadastrar','Cadastrou a nota de compra: 8685619 (88)','2024-05-22 16:10:06'),(189,6,'Cadastrar','Cadastrou a nota de compra: 96969 (89)','2024-05-22 16:10:37'),(190,6,'Cadastrar','Cadastrou o fornecedor de compra: Samatec Comerce Servicos E Peças Ltda (50)','2024-05-22 16:11:29'),(191,6,'Cadastrar','Cadastrou a nota de compra: 620292 (90)','2024-05-22 16:12:25'),(192,6,'Cadastrar','Cadastrou a nota de compra: 202162 (91)','2024-05-22 16:12:59'),(193,6,'Cadastrar','Cadastrou a nota de compra: 138580 (92)','2024-05-22 16:13:25'),(194,6,'Cadastrar','Cadastrou a nota de compra: 1581737 (93)','2024-05-22 16:13:58'),(195,6,'Cadastrar','Cadastrou a nota de compra: 523123 (94)','2024-05-22 16:14:39'),(196,6,'Cadastrar','Cadastrou a nota de compra: 1579281 (95)','2024-05-22 16:15:04'),(197,6,'Cadastrar','Cadastrou o fornecedor de compra: Kalunga Sa (51)','2024-05-22 16:15:31'),(198,6,'Cadastrar','Cadastrou a nota de compra: 13481067 (96)','2024-05-22 16:16:00'),(199,6,'Cadastrar','Cadastrou a nota de compra: 652423 (97)','2024-05-22 16:16:31'),(200,6,'Cadastrar','Cadastrou a nota de compra: 546790 (98)','2024-05-22 16:17:04'),(201,6,'Cadastrar','Cadastrou a nota de compra: 645575 (99)','2024-05-22 16:17:51'),(202,6,'Cadastrar','Cadastrou a nota de compra: 647445 (100)','2024-05-22 16:18:14'),(203,6,'Cadastrar','Cadastrou a nota de compra: 657874 (101)','2024-05-22 16:18:45'),(204,6,'Cadastrar','Cadastrou a nota de compra: 1579676 (102)','2024-05-22 16:19:17'),(205,6,'Cadastrar','Cadastrou o fornecedor de compra: Bausch+lomb (52)','2024-05-22 16:20:22'),(206,6,'Cadastrar','Cadastrou a nota de compra: 524652 (103)','2024-05-22 16:20:48'),(207,6,'Cadastrar','Cadastrou a nota de compra: 524652 (104)','2024-05-22 16:20:48'),(208,6,'Cadastrar','Cadastrou a nota de compra: 1581836 (105)','2024-05-22 16:21:14'),(209,6,'Cadastrar','Cadastrou a nota de compra: 1582292 (106)','2024-05-22 16:21:40'),(210,6,'Cadastrar','Cadastrou a nota de compra: 1581982 (107)','2024-05-22 16:22:09'),(211,6,'Cadastrar','Cadastrou a nota de compra: 659430 (108)','2024-05-22 16:22:32'),(212,6,'Cadastrar','Cadastrou a nota de compra: 2371856 (109)','2024-05-22 16:23:00'),(213,6,'Cadastrar','Cadastrou a nota de compra: 646932 (110)','2024-05-22 16:23:24'),(214,6,'Cadastrar','Cadastrou a nota de compra: 1581286 (111)','2024-05-22 16:23:51'),(215,6,'Cadastrar','Cadastrou a nota de compra: 8708020 (112)','2024-05-27 16:03:23'),(216,6,'Cadastrar','Cadastrou a nota de compra: 8700930 (113)','2024-05-27 16:03:45'),(217,6,'Cadastrar','Cadastrou a nota de compra: 661342 (114)','2024-05-27 16:04:18'),(218,6,'Cadastrar','Cadastrou a nota de compra: 1583222 (115)','2024-05-27 16:04:41'),(219,6,'Cadastrar','Cadastrou a nota de compra: 661340 (116)','2024-05-27 16:05:03'),(220,6,'Cadastrar','Cadastrou a nota de compra: 661337 (117)','2024-05-27 16:05:26'),(221,6,'Cadastrar','Cadastrou a nota de compra: 1584013 (118)','2024-05-27 16:05:52'),(222,6,'Cadastrar','Cadastrou a nota de compra: 1583860 (119)','2024-05-27 16:06:14'),(223,6,'Cadastrar','Cadastrou a nota de compra: 1584223 (120)','2024-05-27 16:06:38'),(224,6,'Cadastrar','Cadastrou a nota de compra: 643963 (121)','2024-05-27 16:09:13'),(225,6,'Cadastrar','Cadastrou a nota de compra: 239238 (122)','2024-05-27 16:09:42'),(226,6,'Cadastrar','Cadastrou a nota de compra: 13452 (123)','2024-05-27 16:10:07'),(227,6,'Cadastrar','Cadastrou a nota de compra: 1647 (124)','2024-05-27 16:10:53'),(228,6,'Cadastrar','Cadastrou a nota de compra: 444717 (125)','2024-05-27 16:17:36'),(229,6,'Cadastrar','Cadastrou o fornecedor de compra: Jms Impressao Em 3d Ltda (53)','2024-05-31 09:24:24'),(230,6,'Cadastrar','Cadastrou o fornecedor de compra: Rafael Silva Santos (54)','2024-05-31 09:24:40'),(231,6,'Cadastrar','Cadastrou o fornecedor de compra: Rpg Venda Atacadista Ltda (55)','2024-05-31 09:25:03'),(232,6,'Cadastrar','Cadastrou o fornecedor de compra: Thais Regina Do Nascimento Silva (56)','2024-05-31 09:25:37'),(233,6,'Cadastrar','Cadastrou o fornecedor de compra: V. Paula Souza Marcondes Comercio (57)','2024-05-31 09:26:03'),(234,6,'Cadastrar','Cadastrou a nota de compra: 1339 (126)','2024-05-31 09:26:35'),(235,6,'Cadastrar','Cadastrou a nota de compra: 188250 (127)','2024-05-31 09:27:04'),(236,6,'Cadastrar','Cadastrou a nota de compra: ATACADISTA (128)','2024-05-31 09:27:31'),(237,6,'Cadastrar','Cadastrou a nota de compra: 8054 (129)','2024-05-31 09:28:12'),(238,6,'Cadastrar','Cadastrou a nota de compra: 13570 (130)','2024-05-31 09:30:32'),(239,6,'Cadastrar','Cadastrou o fornecedor de compra: Medserv Suprimentos Medico Hospitalares (58)','2024-05-31 10:05:08'),(240,6,'Cadastrar','Cadastrou a nota de compra: 8803 (131)','2024-05-31 10:05:42'),(241,6,'Cadastrar','Cadastrou a nota de compra: 444717 (132)','2024-05-31 10:06:32'),(242,6,'Cadastrar','Cadastrou a nota de compra: 144772 (133)','2024-05-31 10:08:38'),(243,6,'Cadastrar','Cadastrou a nota de compra: 2377671 (134)','2024-05-31 10:09:18'),(244,6,'Cadastrar','Cadastrou a nota de compra: 445366 (135)','2024-05-31 10:10:08'),(245,6,'Cadastrar','Cadastrou a nota de compra: 239238 (136)','2024-06-06 10:56:13'),(246,6,'Cadastrar','Cadastrou a nota de compra: 239647 (137)','2024-06-06 10:56:39'),(247,6,'Cadastrar','Cadastrou a nota de compra: 658023 (138)','2024-06-06 10:57:05'),(248,6,'Cadastrar','Cadastrou a nota de compra: 8728105 (139)','2024-06-06 10:58:14'),(249,6,'Cadastrar','Cadastrou a nota de compra: 1587767 (140)','2024-06-06 10:58:45'),(250,6,'Cadastrar','Cadastrou a nota de compra: 2388208 (141)','2024-06-06 10:59:13'),(251,6,'Cadastrar','Cadastrou a nota de compra: 1583208 (142)','2024-06-06 10:59:43'),(252,6,'Cadastrar','Cadastrou a nota de compra: 1586944 (143)','2024-06-06 11:00:10'),(253,6,'Cadastrar','Cadastrou a nota de compra: 8717561 (144)','2024-06-06 11:00:37'),(254,6,'Editar','Editou a nota de compra: 8717561 (144)','2024-06-06 11:01:11'),(255,6,'Cadastrar','Cadastrou a nota de compra: 2960255 (145)','2024-06-06 11:01:57'),(256,6,'Cadastrar','Cadastrou o fornecedor de compra: Elfa Medicamentos S.a (59)','2024-06-06 11:02:43'),(257,6,'Cadastrar','Cadastrou a nota de compra: 628582 (146)','2024-06-06 11:03:05'),(258,6,'Cadastrar','Cadastrou o fornecedor de compra: Alcon Brasil Cuidados Com A Saude (60)','2024-06-06 11:05:04'),(259,6,'Cadastrar','Cadastrou a nota de compra: 550838 (147)','2024-06-06 11:05:42'),(260,6,'Cadastrar','Cadastrou a nota de compra: 1584031 (148)','2024-06-06 11:06:16'),(261,6,'Cadastrar','Cadastrou a nota de compra: 1586633 (149)','2024-06-06 11:06:41'),(262,6,'Cadastrar','Cadastrou a nota de compra: 8727793 (150)','2024-06-06 11:07:41'),(263,6,'Cadastrar','Cadastrou a categoria de compra: Uniforme (11)','2024-06-07 16:08:51'),(264,6,'Cadastrar','Cadastrou o fornecedor de compra: Lojas Irmaos Comercio De Variedades (63)','2024-06-07 16:11:03'),(265,6,'Cadastrar','Cadastrou a nota de compra: 3061 (151)','2024-06-07 16:11:57'),(266,6,'Cadastrar','Cadastrou a nota de compra: 3093 (152)','2024-06-07 16:12:33'),(267,6,'Cadastrar','Cadastrou a nota de compra: 8673634 (153)','2024-06-08 11:21:17'),(268,6,'Cadastrar','Cadastrou a nota de compra: 558083 (154)','2024-06-08 11:21:46'),(269,6,'Cadastrar','Cadastrou a nota de compra: 1587557 (155)','2024-06-08 11:22:10'),(270,6,'Cadastrar','Cadastrou a nota de compra: 1587556 (156)','2024-06-08 11:22:35'),(271,6,'Cadastrar','Cadastrou a nota de compra: 1587555 (157)','2024-06-08 11:22:55'),(272,6,'Cadastrar','Cadastrou a nota de compra: 679460 (158)','2024-06-08 11:23:22'),(273,6,'Cadastrar','Cadastrou a nota de compra: 676259 (159)','2024-06-08 11:23:48'),(274,6,'Cadastrar','Cadastrou a nota de compra: 240101 (160)','2024-06-08 11:24:12'),(275,6,'Cadastrar','Cadastrou o fornecedor de compra: Oxidetoni Equip Ind E Medicinais Ltda (64)','2024-06-08 11:25:00'),(276,6,'Desativar','Desativou a nota de compra (132)','2024-06-11 15:04:15'),(277,6,'Editar','Editou a nota de compra: 238305 (67)','2024-06-11 15:15:10'),(278,6,'Editar','Editou a nota de compra: 5732 (60)','2024-06-11 15:16:41'),(279,6,'Desativar','Desativou a nota de compra (136)','2024-06-11 15:16:57'),(280,6,'Editar','Editou a nota de compra: 239647 (137)','2024-06-11 15:17:40'),(281,6,'Cadastrar','Cadastrou a nota de compra: 237988 (161)','2024-06-11 15:23:20'),(282,6,'Editar','Editou a nota de compra: 1582292 (106)','2024-06-11 15:30:38'),(283,6,'Cadastrar','Cadastrou a nota de compra: 139551 (162)','2024-06-12 11:50:37'),(284,6,'Cadastrar','Cadastrou a nota de compra: 145916 (163)','2024-06-12 11:55:56'),(285,6,'Cadastrar','Cadastrou o fornecedor de compra: Medjet Ltda (65)','2024-06-12 11:56:24'),(286,6,'Cadastrar','Cadastrou o fornecedor de compra: Mack Medical Importacao E Exportacao Ltda (66)','2024-06-12 12:01:34'),(287,6,'Cadastrar','Cadastrou a nota de compra: 124728 (164)','2024-06-12 12:21:59'),(288,6,'Cadastrar','Cadastrou a nota de compra: 5441 (165)','2024-06-12 12:22:22'),(289,6,'Cadastrar','Cadastrou a nota de compra: 61719 (166)','2024-06-12 12:22:49'),(290,6,'Cadastrar','Cadastrou a nota de compra: 9075 (167)','2024-06-12 12:23:26'),(291,6,'Cadastrar','Cadastrou a nota de compra: 9136 (168)','2024-06-13 13:00:02'),(292,6,'Cadastrar','Cadastrou a nota de compra: 1487279 (170)','2024-06-13 13:02:54'),(293,6,'Cadastrar','Cadastrou a nota de compra: 669506 (171)','2024-06-13 13:05:24'),(294,6,'Cadastrar','Cadastrou a nota de compra: 615589 (172)','2024-06-14 15:13:36'),(295,6,'Cadastrar','Cadastrou a nota de compra: 1588867 (173)','2024-06-14 15:15:11'),(296,6,'Cadastrar','Cadastrou a nota de compra: 2401438 (174)','2024-06-14 15:15:35'),(297,6,'Cadastrar','Cadastrou a nota de compra: 1589493 (175)','2024-06-14 15:22:11'),(298,6,'Cadastrar','Cadastrou a nota de compra: 1589494 (176)','2024-06-14 15:27:47'),(299,6,'Cadastrar','Cadastrou a nota de compra: 684582 (177)','2024-06-14 15:28:17'),(300,6,'Cadastrar','Cadastrou a nota de compra: 686199 (178)','2024-06-14 15:28:49'),(301,6,'Cadastrar','Cadastrou a nota de compra: 1589518 (179)','2024-06-17 09:33:17'),(302,6,'Cadastrar','Cadastrou a nota de compra: 1588727 (180)','2024-06-17 09:33:41'),(303,6,'Cadastrar','Cadastrou a nota de compra: 679760 (181)','2024-06-17 09:34:04'),(304,6,'Cadastrar','Cadastrou a nota de compra: 689780 (182)','2024-06-17 09:34:29'),(305,6,'Cadastrar','Cadastrou o fornecedor de compra: Mei Ley Bazar Presentes (67)','2024-06-25 09:32:24'),(306,6,'Cadastrar','Cadastrou o fornecedor de compra: Teram Ltda (68)','2024-06-25 09:32:44'),(307,6,'Cadastrar','Cadastrou o fornecedor de compra: Rob Sol Industria Ltda (69)','2024-06-25 09:33:18'),(308,6,'Cadastrar','Cadastrou o fornecedor de compra: Seven Formulas (70)','2024-06-25 09:33:57'),(309,6,'Cadastrar','Cadastrou o fornecedor de compra: Fullsteel Ltda (71)','2024-06-25 09:34:18'),(310,6,'Cadastrar','Cadastrou a nota de compra: 700498 (187)','2024-06-25 09:50:16'),(311,6,'Cadastrar','Cadastrou a nota de compra: 1591570 (188)','2024-06-25 09:52:18'),(312,6,'Cadastrar','Cadastrou a nota de compra: 1656 (189)','2024-06-25 09:52:48'),(313,6,'Cadastrar','Cadastrou a nota de compra: 691716 (190)','2024-06-25 09:53:30'),(314,6,'Cadastrar','Cadastrou a nota de compra: 691715 (191)','2024-06-25 09:53:56'),(315,6,'Cadastrar','Cadastrou a nota de compra: 146640 (192)','2024-06-25 09:54:20'),(316,6,'Cadastrar','Cadastrou a nota de compra: 47344 (193)','2024-06-25 09:54:54'),(317,6,'Cadastrar','Cadastrou a nota de compra: 689716 (194)','2024-06-25 09:55:18'),(318,6,'Cadastrar','Cadastrou a nota de compra: 693664 (195)','2024-06-25 09:55:48'),(319,6,'Cadastrar','Cadastrou a nota de compra: 2410467 (196)','2024-06-25 09:56:13'),(320,6,'Cadastrar','Cadastrou a nota de compra: 1589676 (197)','2024-06-25 09:56:35'),(321,6,'Cadastrar','Cadastrou a nota de compra: 534010 (198)','2024-06-25 09:57:01'),(322,6,'Cadastrar','Cadastrou a nota de compra: 1591072 (199)','2024-06-25 09:57:28'),(323,6,'Cadastrar','Cadastrou a nota de compra: 13608093 (200)','2024-06-25 09:57:53'),(324,6,'Cadastrar','Cadastrou a nota de compra: 72918 (201)','2024-06-25 09:58:16'),(325,6,'Cadastrar','Cadastrou a nota de compra: 4028 (202)','2024-06-25 09:58:53'),(326,6,'Editar','Editou a nota de compra: 47344 (193)','2024-06-25 09:59:07'),(327,6,'Cadastrar','Cadastrou a nota de compra: 2575 (203)','2024-06-25 09:59:45'),(328,6,'Cadastrar','Cadastrou a nota de compra: 8769713 (204)','2024-06-25 10:01:13'),(329,6,'Cadastrar','Cadastrou a categoria de compra: Ativo Fixo (12)','2024-06-25 17:24:36'),(330,6,'Cadastrar','Cadastrou a categoria de compra: Equipamentos (13)','2024-06-25 17:24:47'),(331,6,'Cadastrar','Cadastrou o fornecedor de compra: Magazine Luiza S/a (72)','2024-06-25 17:25:03'),(332,6,'Cadastrar','Cadastrou o fornecedor de compra: Mercado Livre (73)','2024-06-25 17:28:46'),(333,6,'Cadastrar','Cadastrou o fornecedor de compra: Mercado Livre (74)','2024-06-25 17:29:02'),(334,6,'Cadastrar','Cadastrou o fornecedor de compra: Mercado Livre (75)','2024-06-25 17:29:13'),(335,6,'Cadastrar','Cadastrou a nota de compra: 1523224 (205)','2024-06-25 17:30:29'),(336,6,'Cadastrar','Cadastrou a nota de compra: 93847 (206)','2024-06-25 17:33:25'),(337,6,'Cadastrar','Cadastrou a nota de compra: 530579 (207)','2024-06-25 17:35:33'),(338,6,'Cadastrar','Cadastrou a nota de compra: 213925 (208)','2024-06-25 17:36:22'),(339,6,'Cadastrar','Cadastrou a nota de compra: 8747 (209)','2024-06-25 17:36:52'),(340,6,'Cadastrar','Cadastrou a nota de compra: 35908 (210)','2024-06-26 15:52:34'),(341,6,'Cadastrar','Cadastrou a nota de compra: 181 (212)','2024-06-26 15:53:32'),(342,6,'Cadastrar','Cadastrou a nota de compra: 1592281 (215)','2024-06-29 10:15:13'),(343,6,'Cadastrar','Cadastrou a nota de compra: 691509 (216)','2024-06-29 10:15:36'),(344,6,'Cadastrar','Cadastrou a nota de compra: 1663 (217)','2024-06-29 10:16:03'),(345,6,'Cadastrar','Cadastrou a nota de compra: 54327 (218)','2024-06-29 10:16:31'),(346,6,'Cadastrar','Cadastrou a nota de compra: 1662 (219)','2024-06-29 10:17:00'),(347,6,'Cadastrar','Cadastrou a nota de compra: 8800440 (220)','2024-07-06 11:03:23'),(348,6,'Cadastrar','Cadastrou a nota de compra: 8801896 (221)','2024-07-06 11:04:05'),(349,6,'Cadastrar','Cadastrou a nota de compra: 8800448 (222)','2024-07-06 11:05:16'),(350,6,'Cadastrar','Cadastrou o fornecedor de compra: Maria Sueme (76)','2024-07-06 11:06:06'),(351,6,'Cadastrar','Cadastrou a nota de compra: 1186 (223)','2024-07-06 11:06:42'),(352,6,'Editar','Editou a nota de compra: 1186 (223)','2024-07-06 11:06:50'),(353,6,'Cadastrar','Cadastrou a nota de compra: 1187 (224)','2024-07-06 11:07:25'),(354,6,'Cadastrar','Cadastrou a nota de compra: 8800468 (225)','2024-07-06 11:10:43'),(355,6,'Cadastrar','Cadastrou a nota de compra: 8797257 (226)','2024-07-06 11:11:24'),(356,6,'Editar','Editou a nota de compra: 8801896 (221)','2024-07-06 11:12:28'),(357,6,'Cadastrar','Cadastrou a nota de compra: 698233 (228)','2024-07-06 11:30:42'),(358,6,'Cadastrar','Cadastrou a nota de compra: 13674 (229)','2024-07-06 11:31:11'),(359,6,'Cadastrar','Cadastrou a nota de compra: 2416566 (230)','2024-07-06 11:31:55'),(360,6,'Cadastrar','Cadastrou a nota de compra: 1595836 (231)','2024-07-06 11:32:20'),(361,6,'Cadastrar','Cadastrou a nota de compra: 1595557 (232)','2024-07-06 11:32:42'),(362,6,'Cadastrar','Cadastrou a nota de compra: 1596097 (235)','2024-07-06 11:34:34'),(363,6,'Cadastrar','Cadastrou a nota de compra: 711655 (236)','2024-07-06 11:35:01'),(364,6,'Cadastrar','Cadastrou a nota de compra: 704889 (237)','2024-07-06 11:35:27'),(365,6,'Cadastrar','Cadastrou a nota de compra: 1666 (238)','2024-07-06 11:35:55'),(366,6,'Cadastrar','Cadastrou a nota de compra: 715413 (239)','2024-07-06 11:36:29'),(367,6,'Cadastrar','Cadastrou a nota de compra: 430146 (240)','2024-07-06 11:36:57'),(368,6,'Cadastrar','Cadastrou a nota de compra: 1596953 (243)','2024-07-06 11:50:45'),(369,6,'Cadastrar','Cadastrou a nota de compra: 571899 (245)','2024-07-06 11:51:17'),(370,6,'Cadastrar','Cadastrou a nota de compra: 1510112 (247)','2024-07-08 09:47:49'),(371,6,'Cadastrar','Cadastrou a nota de compra: 717137 (248)','2024-07-08 09:48:31'),(372,6,'Cadastrar','Cadastrou a nota de compra: 1596461 (249)','2024-07-08 09:48:59'),(373,6,'Cadastrar','Cadastrou a nota de compra: 13746 (250)','2024-07-15 12:48:32'),(374,6,'Cadastrar','Cadastrou a nota de compra: 8820411 (251)','2024-07-15 12:50:18'),(375,6,'Cadastrar','Cadastrou a nota de compra: 8818029 (252)','2024-07-15 12:50:55'),(376,6,'Editar','Editou a nota de compra: 8820411 (251)','2024-07-15 12:51:15'),(377,6,'Cadastrar','Cadastrou a nota de compra: 8814145 (253)','2024-07-15 12:52:00'),(378,6,'Cadastrar','Cadastrou a nota de compra: 13757 (255)','2024-07-15 12:53:20'),(379,6,'Cadastrar','Cadastrou a nota de compra: 2432724 (256)','2024-07-15 12:53:52'),(380,6,'Cadastrar','Cadastrou a nota de compra: 188708 (257)','2024-07-15 12:54:21'),(381,6,'Cadastrar','Cadastrou o fornecedor de compra: Suntech Supplies Ind Com Prod Oticos (77)','2024-07-15 12:56:02'),(382,6,'Cadastrar','Cadastrou a nota de compra: 151042 (258)','2024-07-15 12:57:06'),(383,6,'Cadastrar','Cadastrou a nota de compra: 151033 (259)','2024-07-15 12:57:58'),(384,6,'Cadastrar','Cadastrou a nota de compra: 8823039 (260)','2024-07-15 12:58:43'),(385,6,'Cadastrar','Cadastrou a nota de compra: 151041 (261)','2024-07-15 13:00:16'),(386,6,'Cadastrar','Cadastrou a nota de compra: 8822258 (262)','2024-07-15 13:01:10'),(387,6,'Cadastrar','Cadastrou a nota de compra: 727377 (264)','2024-07-15 17:16:26'),(388,6,'Cadastrar','Cadastrou a nota de compra: 721078 (265)','2024-07-16 11:11:08'),(389,6,'Cadastrar','Cadastrou o fornecedor de compra: Mm Service (78)','2024-07-16 11:13:00'),(390,6,'Cadastrar','Cadastrou a nota de compra: 10287 (266)','2024-07-16 11:13:45'),(391,6,'Cadastrar','Cadastrou o fornecedor de compra: Ferragens Yamashiro (79)','2024-07-22 11:11:16'),(392,6,'Cadastrar','Cadastrou o fornecedor de compra: Caex ComunicaÇÃo Visual (80)','2024-07-22 11:11:41'),(393,6,'Cadastrar','Cadastrou a nota de compra: 653421 (267)','2024-07-22 11:12:07'),(394,6,'Cadastrar','Cadastrou a nota de compra: 695245 (268)','2024-07-22 11:12:49'),(395,6,'Cadastrar','Cadastrou a nota de compra: 12446 (269)','2024-07-22 11:13:17'),(396,6,'Cadastrar','Cadastrou a nota de compra: 729048 (270)','2024-07-22 11:14:33'),(397,6,'Cadastrar','Cadastrou a nota de compra: 728971 (271)','2024-07-22 11:15:35'),(398,6,'Cadastrar','Cadastrou a nota de compra: 578333 (272)','2024-07-22 11:16:20'),(399,6,'Cadastrar','Cadastrou a nota de compra: 14182 (273)','2024-07-22 11:16:40'),(400,6,'Cadastrar','Cadastrou a nota de compra: 6593 (274)','2024-07-22 11:17:01'),(401,6,'Cadastrar','Cadastrou a nota de compra: 577033 (275)','2024-07-22 11:17:30'),(402,6,'Cadastrar','Cadastrou a nota de compra: 8830895 (276)','2024-07-22 11:18:00'),(403,6,'Cadastrar','Cadastrou o fornecedor de compra: Orthopedic Prod Cirurgicos (81)','2024-07-23 17:33:44'),(404,6,'Cadastrar','Cadastrou o fornecedor de compra: Fenix Prod Cirurgicos (82)','2024-07-23 17:34:16'),(405,6,'Cadastrar','Cadastrou o fornecedor de compra: Tempolimp Embalagens (83)','2024-07-23 17:34:42'),(406,6,'Cadastrar','Cadastrou a nota de compra: 1117605 (277)','2024-07-23 17:35:16'),(407,6,'Cadastrar','Cadastrou a nota de compra: 1828 (278)','2024-07-23 17:36:00'),(408,6,'Cadastrar','Cadastrou a nota de compra: 648420 (279)','2024-07-23 17:36:24'),(409,6,'Editar','Editou a nota de compra: 661340 (116)','2024-07-31 11:15:46'),(410,6,'Cadastrar','Cadastrou a nota de compra: 2990911 (280)','2024-07-31 11:33:18'),(411,6,'Cadastrar','Cadastrou a nota de compra: 8857954 (281)','2024-07-31 11:34:17'),(412,6,'Editar','Editou a nota de compra: 8857954 (281)','2024-07-31 11:34:33'),(413,6,'Editar','Editou a nota de compra: 2990911 (280)','2024-07-31 11:34:52'),(414,6,'Cadastrar','Cadastrou a nota de compra: 8846713 (282)','2024-07-31 11:35:47'),(415,6,'Cadastrar','Cadastrou a nota de compra: 8845102 (283)','2024-07-31 11:36:18'),(416,6,'Cadastrar','Cadastrou a nota de compra: 152069 (284)','2024-07-31 11:36:54'),(417,6,'Cadastrar','Cadastrou a nota de compra: 51310 (285)','2024-07-31 11:37:21'),(418,6,'Cadastrar','Cadastrou a nota de compra: 2988606 (286)','2024-07-31 11:37:58'),(419,6,'Cadastrar','Cadastrou a nota de compra: 2990482 (287)','2024-07-31 11:38:36'),(420,6,'Cadastrar','Cadastrou o fornecedor de compra: Smart Id-com E Serv De Informatica (84)','2024-07-31 11:45:49'),(421,6,'Cadastrar','Cadastrou a nota de compra: 23528 (288)','2024-07-31 11:46:25'),(422,6,'Cadastrar','Cadastrou o fornecedor de compra: Neppe Materiais Eletricos (85)','2024-07-31 11:49:03'),(423,6,'Cadastrar','Cadastrou a categoria de compra: Lenco Magico (14)','2024-07-31 11:50:38'),(424,6,'Cadastrar','Cadastrou o fornecedor de compra: Daff Industrial Ltda (86)','2024-07-31 11:51:03'),(425,6,'Cadastrar','Cadastrou a nota de compra: 316407 (289)','2024-07-31 11:52:59'),(426,6,'Cadastrar','Cadastrou a nota de compra: 35869 (290)','2024-07-31 11:54:00'),(427,6,'Cadastrar','Cadastrou a nota de compra: 2442894 (291)','2024-07-31 11:54:31'),(428,6,'Cadastrar','Cadastrou a nota de compra: 1601657 (292)','2024-07-31 11:55:29'),(429,6,'Cadastrar','Cadastrou a nota de compra: 1600189 (293)','2024-07-31 11:55:55'),(430,6,'Cadastrar','Cadastrou a nota de compra: 2444195 (294)','2024-07-31 11:56:30'),(431,6,'Cadastrar','Cadastrou a nota de compra: 13711663 (295)','2024-07-31 11:58:10'),(432,6,'Editar','Editou a nota de compra: 23528 (288)','2024-07-31 11:58:54'),(433,6,'Cadastrar','Cadastrou a nota de compra: 433247 (296)','2024-07-31 11:59:31'),(434,6,'Cadastrar','Cadastrou o fornecedor de compra: R.goncalves Suprimentos Medicos Ltda (87)','2024-07-31 12:01:17'),(435,6,'Cadastrar','Cadastrou a nota de compra: 752461 (297)','2024-07-31 12:01:44'),(436,6,'Cadastrar','Cadastrou o fornecedor de compra: 39914 (88)','2024-07-31 12:11:47'),(437,6,'Cadastrar','Cadastrou o fornecedor de compra: 739373 (89)','2024-07-31 12:14:02'),(438,6,'Cadastrar','Cadastrou o fornecedor de compra: 732664 (90)','2024-07-31 12:15:03'),(439,6,'Cadastrar','Cadastrou o fornecedor de compra: 2447010 (91)','2024-07-31 12:15:31'),(440,6,'Cadastrar','Cadastrou a nota de compra: 39914 (298)','2024-07-31 12:16:40'),(441,6,'Cadastrar','Cadastrou a nota de compra: 739373 (299)','2024-07-31 12:17:16'),(442,6,'Cadastrar','Cadastrou a nota de compra: 732664 (300)','2024-07-31 12:18:16'),(443,6,'Cadastrar','Cadastrou a nota de compra: 2447010 (301)','2024-07-31 12:18:44'),(444,6,'Cadastrar','Cadastrou a nota de compra: 1600092 (302)','2024-07-31 12:21:05'),(445,6,'Cadastrar','Cadastrou a nota de compra: 1599481 (303)','2024-07-31 12:21:59'),(446,6,'Cadastrar','Cadastrou a nota de compra: 1597657 (304)','2024-07-31 12:22:27'),(447,6,'Cadastrar','Cadastrou a nota de compra: 1598651 (305)','2024-07-31 12:22:55'),(448,6,'Cadastrar','Cadastrou a nota de compra: 1600998 (306)','2024-07-31 12:23:18'),(449,6,'Cadastrar','Cadastrou a nota de compra: 189289 (307)','2024-07-31 12:23:59'),(450,6,'Cadastrar','Cadastrou a nota de compra: 580628 (308)','2024-07-31 12:24:51'),(451,1,'Cadastrar','Cadastrou a compra/pedido de Título: teste e Empresa: Clínica Parque','2024-08-01 11:00:17'),(452,1,'Cadastrar','Cadastrou a compra/pedido de Título: 3x Teclados e Empresa: 1','2024-08-01 11:13:25'),(453,1,'Cadastrar','Cadastrou a compra/pedido de Título: 3x Computadores e Empresa: 1','2024-08-01 11:24:28'),(454,1,'Editar','Editou a compra/pedido de ID: 2 e Empresa: 1','2024-08-01 11:33:20'),(455,1,'Confirmar','Confirmou a compra do pedido de ID: 3','2024-08-01 12:15:42'),(456,1,'Confirmar','Confirmou a compra do pedido de ID: 3','2024-08-01 12:17:24'),(457,1,'Cadastrar','Cadastrou a compra/pedido de Título: 3x Kits e Empresa: 1','2024-08-01 12:36:16'),(458,6,'Confirmar','Confirmou a compra do pedido de ID: 4','2024-08-01 12:48:05'),(459,6,'Negar','Negou a compra do pedido de ID: 2','2024-08-01 12:48:18'),(460,1,'Cancelar Compra','Cancelou a confirmação da compra do pedido de ID: 3','2024-08-02 08:30:41'),(461,1,'Negar','Negou a compra do pedido de ID: 3','2024-08-02 08:30:45'),(462,6,'Cadastrar','Cadastrou a nota de compra: 150144 (309)','2024-08-02 16:02:13'),(463,6,'Cadastrar','Cadastrou a nota de compra: 11782 (310)','2024-08-02 16:02:45'),(464,6,'Cadastrar','Cadastrou a nota de compra: 740090 (311)','2024-08-02 16:03:22'),(465,6,'Cadastrar','Cadastrou a nota de compra: 2992793 (312)','2024-08-02 16:03:51'),(466,5,'Cadastrar','Cadastrou a compra/pedido de Título: Teste2 e Empresa: 1','2024-08-03 10:05:43'),(467,5,'Negar','Negou a compra do pedido de ID: 5','2024-08-03 10:05:47'),(468,5,'Cancelar Negação','Cancelou a negação do pedido de ID: 5','2024-08-03 10:05:50'),(469,5,'Desativar','Desativou a compra/pedido de ID: 5','2024-08-03 10:42:47'),(470,1,'Negar','Negou a compra do pedido de ID: 5','2024-08-03 11:17:09'),(471,6,'Editar','Editou a nota de compra: 2988606 (286)','2024-08-07 10:46:07'),(472,6,'Editar','Editou a nota de compra: 147176 (87)','2024-08-07 10:48:44'),(473,6,'Desativar','Desativou o fornecedor de compra Suntech Supplies Ind E Com De Produtosoticos E Esp Ltda (49)','2024-08-07 10:48:54'),(474,6,'Editar','Editou a nota de compra: 8800448 (222)','2024-08-07 10:58:06'),(475,6,'Cadastrar','Cadastrou a nota de compra: 962090 (316)','2024-08-07 12:15:37'),(476,6,'Cadastrar','Cadastrou a nota de compra: 209 (317)','2024-08-07 12:15:59'),(477,6,'Cadastrar','Cadastrou a nota de compra: 747417 (319)','2024-08-07 12:17:07'),(478,6,'Cadastrar','Cadastrou a nota de compra: 745490 (320)','2024-08-07 12:17:40'),(479,6,'Cadastrar','Cadastrou o fornecedor de compra: Cirúrgica Fernandes (92)','2024-08-08 16:02:59'),(480,6,'Cadastrar','Cadastrou a nota de compra: 1754829 (321)','2024-08-08 16:03:45'),(481,6,'Cadastrar','Cadastrou a nota de compra: 150551 (322)','2024-08-08 16:06:48'),(482,6,'Desativar','Desativou a nota de compra (322)','2024-08-08 16:07:20'),(483,6,'Cadastrar','Cadastrou o fornecedor de compra: Zox Telecom (93)','2024-08-08 16:07:50'),(484,6,'Cadastrar','Cadastrou a nota de compra: 538221 (323)','2024-08-08 16:08:34'),(485,6,'Cadastrar','Cadastrou a nota de compra: 758116 (324)','2024-08-08 16:09:03'),(486,6,'Cadastrar','Cadastrou a nota de compra: 11867 (325)','2024-08-08 16:09:38'),(487,6,'Cadastrar','Cadastrou o fornecedor de compra: Drogaria Efarma (94)','2024-08-08 16:10:10'),(488,6,'Cadastrar','Cadastrou a nota de compra: 11363 (326)','2024-08-08 16:10:38'),(489,6,'Cadastrar','Cadastrou a nota de compra: 5423 (327)','2024-08-08 16:11:24'),(490,6,'Cadastrar','Cadastrou a nota de compra: 1536509 (328)','2024-08-08 16:11:53'),(491,6,'Cadastrar','Cadastrou a nota de compra: 142002 (329)','2024-08-08 16:12:22'),(492,6,'Cadastrar','Cadastrou a categoria de compra: Aquisicao (15)','2024-08-08 16:13:34'),(493,6,'Cadastrar','Cadastrou o fornecedor de compra: Bel Micro Tecnologia (95)','2024-08-08 16:14:12'),(494,6,'Cadastrar','Cadastrou a nota de compra: 13967 (330)','2024-08-08 16:15:00'),(495,1,'Cadastrar','Cadastrou a campanha financeira: Campanha 63 (1)','2024-08-14 09:02:13'),(496,1,'Cancelar Negação','Cancelou a negação do pedido de ID: 2','2024-08-14 11:23:52'),(497,1,'Negar','Negou a compra do pedido de ID: 2','2024-08-14 11:24:04'),(498,6,'Cadastrar','Cadastrou a nota de compra: 2468989 (331)','2024-08-14 15:45:59'),(499,6,'Cadastrar','Cadastrou a nota de compra: 1600999 (332)','2024-08-14 15:46:34'),(500,6,'Cadastrar','Cadastrou a nota de compra: 1602436 (333)','2024-08-14 15:47:04'),(501,6,'Cadastrar','Cadastrou a nota de compra: 1606954 (334)','2024-08-14 15:47:34'),(502,6,'Cadastrar','Cadastrou a nota de compra: 545616 (335)','2024-08-14 15:48:45'),(503,6,'Cadastrar','Cadastrou a nota de compra: 545632 (336)','2024-08-14 15:49:29'),(504,6,'Cadastrar','Cadastrou a nota de compra: 745242 (337)','2024-08-14 15:50:01'),(505,6,'Cadastrar','Cadastrou a nota de compra: 13964 (339)','2024-08-14 15:52:14'),(506,6,'Cadastrar','Cadastrou a nota de compra: 189927 (340)','2024-08-14 15:52:52'),(507,6,'Cadastrar','Cadastrou a nota de compra: 2464296 (341)','2024-08-14 15:53:33'),(508,6,'Cadastrar','Cadastrou a nota de compra: 2459353 (342)','2024-08-14 15:54:35'),(509,6,'Cadastrar','Cadastrou a nota de compra: 1605317 (343)','2024-08-14 15:55:05'),(510,6,'Cadastrar','Cadastrou a nota de compra: 8886813 (345)','2024-08-14 15:57:07'),(511,6,'Cadastrar','Cadastrou a nota de compra: 10593 (346)','2024-08-14 15:58:02'),(512,6,'Cadastrar','Cadastrou o fornecedor de compra: Nova Limp Com De Embalagens (96)','2024-08-14 15:58:46'),(513,6,'Cadastrar','Cadastrou a nota de compra: 921788 (347)','2024-08-14 15:59:30'),(514,6,'Cadastrar','Cadastrou a nota de compra: 52458 (348)','2024-08-14 15:59:54'),(515,6,'Editar','Editou a nota de compra: 52458 (348)','2024-08-14 16:00:53'),(516,6,'Cadastrar','Cadastrou o fornecedor de compra: J.e Comercio De Oculos Ltda (97)','2024-08-14 16:02:29'),(517,6,'Cadastrar','Cadastrou a nota de compra: 6942 (349)','2024-08-14 16:02:52'),(518,6,'Cadastrar','Cadastrou a nota de compra: 6943 (350)','2024-08-14 16:03:51'),(519,6,'Cadastrar','Cadastrou a nota de compra: 6944 (351)','2024-08-14 16:04:48'),(520,6,'Editar','Editou a nota de compra: 6944 (351)','2024-08-14 16:04:56'),(521,6,'Editar','Editou a nota de compra: 6943 (350)','2024-08-14 16:05:09'),(522,6,'Editar','Editou a nota de compra: 6942 (349)','2024-08-14 16:05:26'),(523,3,'Cadastrar','Cadastrou o usuário: Josefina Da Silva Sauro (7)','2024-08-15 09:17:26'),(524,3,'Cadastrar','Cadastrou o setor: Ótica (4)','2024-08-15 09:18:17'),(525,3,'Editar','Editou o usuário: Josefina Da Silva Sauro (7)','2024-08-15 09:19:13'),(526,3,'Cadastrar','Cadastrou o usuário: João Do Pão (8)','2024-08-15 09:21:30'),(527,1,'Cadastrar','Cadastrou o boleto financeiro: 43985 (1)','2024-08-15 09:54:34'),(528,1,'Cadastrar','Cadastrou o boleto financeiro: 43985 (1)','2024-08-15 09:56:25'),(529,1,'Cadastrar','Cadastrou o boleto financeiro: 43985 (1)','2024-08-15 09:58:28'),(530,1,'Cadastrar','Cadastrou a campanha financeira: Campanha 62 (2)','2024-08-15 10:48:56'),(531,1,'Cadastrar','Cadastrou o boleto financeiro: 44059 (2)','2024-08-15 10:50:24'),(532,6,'Cadastrar','Cadastrou o fornecedor de compra: Oftalcom Ind E Com Ltda (98)','2024-08-15 11:08:32'),(533,6,'Cadastrar','Cadastrou a nota de compra: 3275 (352)','2024-08-15 11:11:26'),(534,6,'Cadastrar','Cadastrou a nota de compra: 1608589 (353)','2024-08-15 11:12:33'),(535,6,'Cadastrar','Cadastrou a nota de compra: 1608590 (354)','2024-08-15 11:13:13'),(536,6,'Cadastrar','Cadastrou a nota de compra: 75230 (355)','2024-08-15 11:13:41'),(537,1,'Editar','Editou o boleto financeiro: 43985 (1)','2024-08-15 12:05:04'),(538,1,'Editar','Editou o boleto financeiro: 43985 (1)','2024-08-15 12:06:26'),(539,1,'Editar','Editou o boleto financeiro: 43985 (1)','2024-08-15 12:16:53'),(540,1,'Editar','Editou o boleto financeiro: 43985 (1)','2024-08-15 12:17:00'),(541,1,'Desativar','Desativou o boleto financeiro 43985(1)','2024-08-15 12:22:49'),(542,1,'Desativar','Desativou o boleto financeiro 43985(1)','2024-08-15 12:23:18'),(543,1,'Desativar','Desativou o boleto financeiro 43985(1)','2024-08-15 12:24:41'),(544,1,'Cadastrar Pagamento','Registrou pagamento do boleto: 1 no valor de R$ 629.7','2024-08-15 12:34:03'),(545,1,'Cadastrar Pagamento','Registrou pagamento do boleto: 1 no valor de R$ 629.8','2024-08-15 12:49:13'),(546,1,'Cadastrar Pagamento','Registrou pagamento do boleto: 1 no valor de R$ 629.7','2024-08-15 12:49:18'),(547,1,'Cadastrar Pagamento','Registrou pagamento do boleto: 1 no valor de R$ 629.9','2024-08-15 12:50:07'),(548,1,'Cadastrar Pagamento','Registrou pagamento do boleto: 1 no valor de R$ 629.7','2024-08-15 12:50:12');
/*!40000 ALTER TABLE `logs` ENABLE KEYS */;
UNLOCK TABLES;

--
-- Table structure for table `mensagens`
--

DROP TABLE IF EXISTS `mensagens`;
/*!40101 SET @saved_cs_client     = @@character_set_client */;
/*!50503 SET character_set_client = utf8mb4 */;
CREATE TABLE `mensagens` (
  `id_mensagem` int NOT NULL AUTO_INCREMENT,
  `id_chat` int NOT NULL,
  `id_usuario` int NOT NULL,
  `mensagem` text NOT NULL,
  `created_at` datetime NOT NULL,
  `updated_at` datetime NOT NULL,
  `deleted_at` datetime DEFAULT NULL,
  PRIMARY KEY (`id_mensagem`),
  KEY `fk_mensagens_chat_idx` (`id_chat`),
  KEY `fk_mensgens_usuarios_idx` (`id_usuario`),
  CONSTRAINT `fk_mensagens_chat` FOREIGN KEY (`id_chat`) REFERENCES `chats` (`id_chat`),
  CONSTRAINT `fk_mensgens_usuarios` FOREIGN KEY (`id_usuario`) REFERENCES `usuarios` (`id_usuario`)
) ENGINE=InnoDB DEFAULT CHARSET=utf8mb4 COLLATE=utf8mb4_0900_ai_ci;
/*!40101 SET character_set_client = @saved_cs_client */;

--
-- Dumping data for table `mensagens`
--

LOCK TABLES `mensagens` WRITE;
/*!40000 ALTER TABLE `mensagens` DISABLE KEYS */;
/*!40000 ALTER TABLE `mensagens` ENABLE KEYS */;
UNLOCK TABLES;

--
-- Table structure for table `prints_chamados`
--

DROP TABLE IF EXISTS `prints_chamados`;
/*!40101 SET @saved_cs_client     = @@character_set_client */;
/*!50503 SET character_set_client = utf8mb4 */;
CREATE TABLE `prints_chamados` (
  `id_prints_chamados` int NOT NULL AUTO_INCREMENT,
  `print` varchar(150) NOT NULL,
  `id_chamado` int NOT NULL,
  `created_at` datetime NOT NULL,
  `updated_at` datetime NOT NULL,
  `deleted_at` datetime DEFAULT NULL,
  PRIMARY KEY (`id_prints_chamados`),
  KEY `fk_prints_chamados_chamados_idx` (`id_chamado`),
  CONSTRAINT `fk_prints_chamados_chamados` FOREIGN KEY (`id_chamado`) REFERENCES `chamados` (`id_chamados`)
) ENGINE=InnoDB DEFAULT CHARSET=utf8mb4 COLLATE=utf8mb4_0900_ai_ci;
/*!40101 SET character_set_client = @saved_cs_client */;

--
-- Dumping data for table `prints_chamados`
--

LOCK TABLES `prints_chamados` WRITE;
/*!40000 ALTER TABLE `prints_chamados` DISABLE KEYS */;
/*!40000 ALTER TABLE `prints_chamados` ENABLE KEYS */;
UNLOCK TABLES;

--
-- Table structure for table `projetos`
--

DROP TABLE IF EXISTS `projetos`;
/*!40101 SET @saved_cs_client     = @@character_set_client */;
/*!50503 SET character_set_client = utf8mb4 */;
CREATE TABLE `projetos` (
  `id_projeto` int NOT NULL AUTO_INCREMENT,
  `titulo` varchar(100) NOT NULL,
  `id_usuario` int NOT NULL,
  `status` tinyint NOT NULL,
  `descricao` text,
  `data_conclusao` date DEFAULT NULL,
  `created_at` datetime NOT NULL,
  `updated_at` datetime NOT NULL,
  `deleted_at` datetime DEFAULT NULL,
  PRIMARY KEY (`id_projeto`),
  KEY `fk_projeto_usuario_idx` (`id_usuario`),
  CONSTRAINT `fk_projeto_usuario` FOREIGN KEY (`id_usuario`) REFERENCES `usuarios` (`id_usuario`)
) ENGINE=InnoDB AUTO_INCREMENT=2 DEFAULT CHARSET=utf8mb4 COLLATE=utf8mb4_0900_ai_ci;
/*!40101 SET character_set_client = @saved_cs_client */;

--
-- Dumping data for table `projetos`
--

LOCK TABLES `projetos` WRITE;
/*!40000 ALTER TABLE `projetos` DISABLE KEYS */;
INSERT INTO `projetos` VALUES (1,'Teste',1,1,'a','2024-05-20','2024-05-10 08:15:30','2024-05-10 09:03:40',NULL);
/*!40000 ALTER TABLE `projetos` ENABLE KEYS */;
UNLOCK TABLES;

--
-- Table structure for table `setores`
--

DROP TABLE IF EXISTS `setores`;
/*!40101 SET @saved_cs_client     = @@character_set_client */;
/*!50503 SET character_set_client = utf8mb4 */;
CREATE TABLE `setores` (
  `id_setor` int NOT NULL AUTO_INCREMENT,
  `setor` varchar(50) NOT NULL,
  `created_at` datetime NOT NULL,
  `updated_at` datetime NOT NULL,
  `deleted_at` datetime DEFAULT NULL,
  PRIMARY KEY (`id_setor`)
) ENGINE=InnoDB AUTO_INCREMENT=5 DEFAULT CHARSET=utf8mb4 COLLATE=utf8mb4_0900_ai_ci;
/*!40101 SET character_set_client = @saved_cs_client */;

--
-- Dumping data for table `setores`
--

LOCK TABLES `setores` WRITE;
/*!40000 ALTER TABLE `setores` DISABLE KEYS */;
INSERT INTO `setores` VALUES (1,'Tecnologia da Informação','0000-00-00 00:00:00','0000-00-00 00:00:00',NULL),(2,'Recursos Humanos','2024-04-19 08:24:29','2024-04-19 08:49:16',NULL),(3,'Compras','2024-04-23 11:28:02','2024-04-23 11:28:02',NULL),(4,'Ótica','2024-08-15 09:18:17','2024-08-15 09:18:17',NULL);
/*!40000 ALTER TABLE `setores` ENABLE KEYS */;
UNLOCK TABLES;

--
-- Table structure for table `usuarios`
--

DROP TABLE IF EXISTS `usuarios`;
/*!40101 SET @saved_cs_client     = @@character_set_client */;
/*!50503 SET character_set_client = utf8mb4 */;
CREATE TABLE `usuarios` (
  `id_usuario` int NOT NULL AUTO_INCREMENT,
  `nome` varchar(150) NOT NULL,
  `usuario` varchar(60) NOT NULL,
  `senha` varchar(100) NOT NULL,
  `contrato` int NOT NULL,
  `celular` char(11) NOT NULL,
  `cpf` char(11) NOT NULL,
  `data_nascimento` date NOT NULL,
  `email` varchar(150) DEFAULT NULL,
  `empresa` tinyint NOT NULL,
  `id_setor` int NOT NULL,
  `id_cargo` int NOT NULL,
  `n_folha` varchar(25) DEFAULT NULL,
  `data_admissao` date NOT NULL,
  `rg` varchar(100) DEFAULT NULL,
  `foto3x4` varchar(100) DEFAULT NULL,
  `residencia` varchar(100) DEFAULT NULL,
  `contrato_nube` varchar(100) DEFAULT NULL,
  `created_at` datetime NOT NULL,
  `updated_at` datetime NOT NULL,
  `deleted_at` datetime DEFAULT NULL,
  PRIMARY KEY (`id_usuario`),
  KEY `fk_usuarios_cargos_idx` (`id_cargo`),
  KEY `fk_usuarios_setores_idx` (`id_setor`),
  CONSTRAINT `fk_usuarios_cargos` FOREIGN KEY (`id_cargo`) REFERENCES `cargos` (`id_cargo`),
  CONSTRAINT `fk_usuarios_setores` FOREIGN KEY (`id_setor`) REFERENCES `setores` (`id_setor`)
) ENGINE=InnoDB AUTO_INCREMENT=9 DEFAULT CHARSET=utf8mb4 COLLATE=utf8mb4_0900_ai_ci;
/*!40101 SET character_set_client = @saved_cs_client */;

--
-- Dumping data for table `usuarios`
--

LOCK TABLES `usuarios` WRITE;
/*!40000 ALTER TABLE `usuarios` DISABLE KEYS */;
INSERT INTO `usuarios` VALUES (1,'Kaique Rodrigues de Souza','Kaique.Souza','GR2Os.QfJQoPc',1,'11983469094','37498968878','2004-07-10','ykaiqz17@gmail.com',2,1,1,'','2023-11-01','rg.jpg',NULL,NULL,NULL,'2024-04-17 08:11:30','2024-04-17 08:11:30',NULL),(3,'André dos Santos','André.Santos','GRuxKUiOXQSio',0,'11965022187','23863640896','2002-06-24','',2,1,3,'','2022-07-01',NULL,NULL,NULL,NULL,'2024-04-17 08:54:48','2024-04-19 11:34:00',NULL),(4,'Diego Diniz Flieber Ferreira','Diego.Diniz','GRLPylnit1wvA',1,'11952450209','50873738870','2005-04-16','dinizdiego1320@gmail.com',1,1,1,'','2024-05-04',NULL,NULL,NULL,NULL,'2024-04-19 09:00:30','2024-04-19 09:00:30',NULL),(5,'Elaine Regina Da Silva','Elaine.Silva','GRLPylnit1wvA',0,'11998519254','28265002874','1978-08-03','',2,2,18,'','2024-02-14',NULL,NULL,NULL,NULL,'2024-04-19 11:53:04','2024-04-19 12:02:00',NULL),(6,'Alessandra Vieira Nunes','Alessandra.Nunes','GRovqgYqlmmpk',0,'11958082806','16149457800','1974-09-10','',1,3,19,'','2017-06-06',NULL,NULL,NULL,NULL,'2024-04-23 11:36:22','2024-04-23 11:40:00',NULL),(7,'Josefina Da Silva Sauro','Josefina.Sauro','GRLPylnit1wvA',0,'11958082806','12523452178','2001-02-02','',2,4,9,'','2024-08-15',NULL,NULL,NULL,NULL,'2024-08-15 09:17:26','2024-08-15 09:19:00',NULL),(8,'João Do Pão','João.Pão','GRLPylnit1wvA',0,'11999999999','78965425832','1997-08-15','',4,4,9,'','2022-06-15',NULL,NULL,NULL,NULL,'2024-08-15 09:21:30','2024-08-15 09:21:30',NULL);
/*!40000 ALTER TABLE `usuarios` ENABLE KEYS */;
UNLOCK TABLES;
/*!40103 SET TIME_ZONE=@OLD_TIME_ZONE */;

/*!40101 SET SQL_MODE=@OLD_SQL_MODE */;
/*!40014 SET FOREIGN_KEY_CHECKS=@OLD_FOREIGN_KEY_CHECKS */;
/*!40014 SET UNIQUE_CHECKS=@OLD_UNIQUE_CHECKS */;
/*!40101 SET CHARACTER_SET_CLIENT=@OLD_CHARACTER_SET_CLIENT */;
/*!40101 SET CHARACTER_SET_RESULTS=@OLD_CHARACTER_SET_RESULTS */;
/*!40101 SET COLLATION_CONNECTION=@OLD_COLLATION_CONNECTION */;
/*!40111 SET SQL_NOTES=@OLD_SQL_NOTES */;

-- Dump completed on 2024-08-15 12:59:44
