-- MySQL dump 10.13  Distrib 8.0.36, for Win64 (x86_64)
--
-- Host: 192.168.0.60    Database: grnacoes
-- ------------------------------------------------------
-- Server version	8.2.0

/*!40101 SET @OLD_CHARACTER_SET_CLIENT=@@CHARACTER_SET_CLIENT */;
/*!40101 SET @OLD_CHARACTER_SET_RESULTS=@@CHARACTER_SET_RESULTS */;
/*!40101 SET @OLD_COLLATION_CONNECTION=@@COLLATION_CONNECTION */;
/*!50503 SET NAMES utf8 */;
/*!40103 SET @OLD_TIME_ZONE=@@TIME_ZONE */;
/*!40103 SET TIME_ZONE='+00:00' */;
/*!40014 SET @OLD_UNIQUE_CHECKS=@@UNIQUE_CHECKS, UNIQUE_CHECKS=0 */;
/*!40014 SET @OLD_FOREIGN_KEY_CHECKS=@@FOREIGN_KEY_CHECKS, FOREIGN_KEY_CHECKS=0 */;
/*!40101 SET @OLD_SQL_MODE=@@SQL_MODE, SQL_MODE='NO_AUTO_VALUE_ON_ZERO' */;
/*!40111 SET @OLD_SQL_NOTES=@@SQL_NOTES, SQL_NOTES=0 */;

--
-- Table structure for table `captados`
--

DROP TABLE IF EXISTS `captados`;
/*!40101 SET @saved_cs_client     = @@character_set_client */;
/*!50503 SET character_set_client = utf8mb4 */;
CREATE TABLE `captados` (
  `id_captado` int NOT NULL AUTO_INCREMENT,
  `id_captador` int NOT NULL,
  `id_medico` int NOT NULL,
  `nome_paciente` varchar(100) NOT NULL,
  `captado` tinyint NOT NULL,
  `observacao` text,
  `created_at` datetime NOT NULL,
  `updated_at` datetime NOT NULL,
  `deleted_at` datetime DEFAULT NULL,
  PRIMARY KEY (`id_captado`),
  KEY `fk_captados_medicos_idx` (`id_medico`),
  KEY `fk_captados_usuarios_idx` (`id_captador`),
  CONSTRAINT `fk_captados_medicos` FOREIGN KEY (`id_medico`) REFERENCES `medicos` (`id_medico`),
  CONSTRAINT `fk_captados_usuarios` FOREIGN KEY (`id_captador`) REFERENCES `usuarios` (`id_usuario`)
) ENGINE=InnoDB AUTO_INCREMENT=3 DEFAULT CHARSET=utf8mb4 COLLATE=utf8mb4_0900_ai_ci;
/*!40101 SET character_set_client = @saved_cs_client */;

--
-- Dumping data for table `captados`
--

LOCK TABLES `captados` WRITE;
/*!40000 ALTER TABLE `captados` DISABLE KEYS */;
INSERT INTO `captados` VALUES (1,1,1,'Maria',1,'','2024-10-01 12:16:55','2024-10-01 12:16:55',NULL),(2,1,1,'José',0,'','2024-10-01 12:31:45','2024-10-01 12:31:45',NULL);
/*!40000 ALTER TABLE `captados` ENABLE KEYS */;
UNLOCK TABLES;

--
-- Table structure for table `cargos`
--

DROP TABLE IF EXISTS `cargos`;
/*!40101 SET @saved_cs_client     = @@character_set_client */;
/*!50503 SET character_set_client = utf8mb4 */;
CREATE TABLE `cargos` (
  `id_cargo` int NOT NULL AUTO_INCREMENT,
  `cargo` varchar(50) NOT NULL,
  `created_at` datetime NOT NULL,
  `updated_at` datetime NOT NULL,
  `deleted_at` datetime DEFAULT NULL,
  PRIMARY KEY (`id_cargo`)
) ENGINE=InnoDB AUTO_INCREMENT=25 DEFAULT CHARSET=utf8mb4 COLLATE=utf8mb4_0900_ai_ci;
/*!40101 SET character_set_client = @saved_cs_client */;

--
-- Dumping data for table `cargos`
--

LOCK TABLES `cargos` WRITE;
/*!40000 ALTER TABLE `cargos` DISABLE KEYS */;
INSERT INTO `cargos` VALUES (1,'Auxiliar de Analista de Suporte Junior','0000-00-00 00:00:00','0000-00-00 00:00:00',NULL),(2,'Analista de Suporte Junior','0000-00-00 00:00:00','0000-00-00 00:00:00',NULL),(3,'Analista de Suporte Pleno','0000-00-00 00:00:00','0000-00-00 00:00:00',NULL),(4,'Analista de Suporte Senior','0000-00-00 00:00:00','0000-00-00 00:00:00',NULL),(6,'Auxiliar de Analista de Suporte Pleno','0000-00-00 00:00:00','0000-00-00 00:00:00',NULL),(7,'Auxiliar de Analista de Suporte Senior','0000-00-00 00:00:00','0000-00-00 00:00:00','2024-04-18 09:59:40'),(8,'Auxiliar de Analista de Suporte Senior','0000-00-00 00:00:00','2024-04-18 12:45:33',NULL),(9,'Vendedor Junior','0000-00-00 00:00:00','0000-00-00 00:00:00',NULL),(10,'Vendedor Pleno','0000-00-00 00:00:00','0000-00-00 00:00:00',NULL),(11,'Vendedor Senior ','0000-00-00 00:00:00','0000-00-00 00:00:00',NULL),(12,'Auxiliar de Serviços Gerais Junior','2024-04-18 11:34:30','2024-04-18 11:43:16',NULL),(13,'Auxiliar de Serviços Gerais Pleno','2024-04-18 12:24:05','2024-04-18 12:24:05',NULL),(14,'Auxiliar de Serviços Gerais Pleno','2024-04-18 12:31:32','2024-04-18 12:31:32','2024-04-18 12:32:12'),(15,'Vendedor Senior','2024-04-18 12:34:01','2024-04-18 12:34:01','2024-04-18 12:43:15'),(16,'Auxiliar de Serviços Gerais Senior','2024-04-18 12:43:50','2024-04-18 12:44:33',NULL),(17,'teste','2024-04-18 12:55:34','2024-04-18 12:55:34','2024-04-18 12:57:50'),(18,'Assistente Recursos Humano','2024-04-19 11:53:46','2024-08-21 12:21:08',NULL),(19,'Assistente De Compra Sênior','2024-04-23 11:28:22','2024-04-23 11:28:22',NULL),(20,'Coordenador(a) Financeiro','2024-08-20 12:03:38','2024-08-20 12:03:38',NULL),(21,'Assistente Financeiro Junior','2024-08-21 12:19:45','2024-08-21 12:19:45',NULL),(22,'Assistente Financeiro Pleno','2024-08-21 12:19:52','2024-08-21 12:19:52',NULL),(23,'Assistente Financeiro Sênior','2024-08-21 12:19:54','2024-08-21 12:19:54',NULL),(24,'Médico','2024-10-01 10:36:48','2024-10-01 10:36:48',NULL);
/*!40000 ALTER TABLE `cargos` ENABLE KEYS */;
UNLOCK TABLES;

--
-- Table structure for table `chamados`
--

DROP TABLE IF EXISTS `chamados`;
/*!40101 SET @saved_cs_client     = @@character_set_client */;
/*!50503 SET character_set_client = utf8mb4 */;
CREATE TABLE `chamados` (
  `id_chamado` int NOT NULL AUTO_INCREMENT,
  `titulo` varchar(100) NOT NULL,
  `status` tinyint NOT NULL,
  `id_usuario` int NOT NULL,
  `id_setor` int NOT NULL,
  `urgencia` tinyint NOT NULL,
  `descricao` text,
  `created_at` datetime NOT NULL,
  `updated_at` datetime NOT NULL,
  `deleted_at` datetime DEFAULT NULL,
  `finished_at` datetime DEFAULT NULL,
  `started_at` datetime DEFAULT NULL,
  PRIMARY KEY (`id_chamado`),
  KEY `fk_chamados_usuarios_idx` (`id_usuario`),
  KEY `fk_chamados_setores_idx` (`id_setor`),
  CONSTRAINT `fk_chamados_setores` FOREIGN KEY (`id_setor`) REFERENCES `setores` (`id_setor`),
  CONSTRAINT `fk_chamados_usuarios` FOREIGN KEY (`id_usuario`) REFERENCES `usuarios` (`id_usuario`)
) ENGINE=InnoDB AUTO_INCREMENT=2 DEFAULT CHARSET=utf8mb4 COLLATE=utf8mb4_0900_ai_ci;
/*!40101 SET character_set_client = @saved_cs_client */;

--
-- Dumping data for table `chamados`
--

LOCK TABLES `chamados` WRITE;
/*!40000 ALTER TABLE `chamados` DISABLE KEYS */;
INSERT INTO `chamados` VALUES (1,'Ola',1,1,1,2,'','2024-10-01 09:22:59','2024-10-01 09:22:59',NULL,NULL,NULL);
/*!40000 ALTER TABLE `chamados` ENABLE KEYS */;
UNLOCK TABLES;

--
-- Table structure for table `chamados_mensagens`
--

DROP TABLE IF EXISTS `chamados_mensagens`;
/*!40101 SET @saved_cs_client     = @@character_set_client */;
/*!50503 SET character_set_client = utf8mb4 */;
CREATE TABLE `chamados_mensagens` (
  `id_chamado_mensagem` int NOT NULL AUTO_INCREMENT,
  `id_chamado` int NOT NULL,
  `id_mensagem` int NOT NULL,
  PRIMARY KEY (`id_chamado_mensagem`),
  KEY `fk_chamados_mensagens_chamados_idx` (`id_chamado`),
  KEY `fk_chamados_mensagens_mensagens_idx` (`id_mensagem`)
) ENGINE=MyISAM DEFAULT CHARSET=utf8mb4 COLLATE=utf8mb4_0900_ai_ci;
/*!40101 SET character_set_client = @saved_cs_client */;

--
-- Dumping data for table `chamados_mensagens`
--

LOCK TABLES `chamados_mensagens` WRITE;
/*!40000 ALTER TABLE `chamados_mensagens` DISABLE KEYS */;
/*!40000 ALTER TABLE `chamados_mensagens` ENABLE KEYS */;
UNLOCK TABLES;

--
-- Table structure for table `compras_categorias`
--

DROP TABLE IF EXISTS `compras_categorias`;
/*!40101 SET @saved_cs_client     = @@character_set_client */;
/*!50503 SET character_set_client = utf8mb4 */;
CREATE TABLE `compras_categorias` (
  `id_compra_categoria` int NOT NULL AUTO_INCREMENT,
  `categoria` varchar(150) NOT NULL,
  `created_at` datetime NOT NULL,
  `updated_at` datetime NOT NULL,
  `deleted_at` datetime DEFAULT NULL,
  PRIMARY KEY (`id_compra_categoria`)
) ENGINE=InnoDB AUTO_INCREMENT=16 DEFAULT CHARSET=utf8mb4 COLLATE=utf8mb4_0900_ai_ci;
/*!40101 SET character_set_client = @saved_cs_client */;

--
-- Dumping data for table `compras_categorias`
--

LOCK TABLES `compras_categorias` WRITE;
/*!40000 ALTER TABLE `compras_categorias` DISABLE KEYS */;
INSERT INTO `compras_categorias` VALUES (1,'Lente Intraocular','2024-04-23 11:42:12','2024-04-23 11:42:12',NULL),(2,'Lente De Contato','2024-04-25 11:40:09','2024-04-25 11:40:09',NULL),(3,'Produtos De Limpeza','2024-04-25 11:47:29','2024-04-25 11:47:29',NULL),(4,'Medicamentos / Material Hospitalar','2024-04-25 11:56:54','2024-05-09 11:51:38',NULL),(5,'Armações','2024-04-25 12:16:07','2024-04-25 12:23:22',NULL),(6,'ArmaÇÕes','2024-04-25 12:17:18','2024-04-25 12:17:18','2024-04-25 12:17:23'),(7,'Estojo De Oculos','2024-04-25 14:11:47','2024-04-25 14:11:47',NULL),(8,'Manutenção Predial','2024-04-25 14:13:08','2024-05-09 12:19:00',NULL),(9,'Materiais De Escritorio','2024-04-30 14:09:21','2024-05-02 12:27:42',NULL),(10,'Manutenção De Equipamentos','2024-05-03 10:17:57','2024-05-03 10:17:57',NULL),(11,'Uniforme','2024-06-07 16:08:51','2024-06-07 16:08:51',NULL),(12,'Ativo Fixo','2024-06-25 17:24:36','2024-06-25 17:24:36',NULL),(13,'Equipamentos','2024-06-25 17:24:47','2024-06-25 17:24:47',NULL),(14,'Lenco Magico','2024-07-31 11:50:38','2024-07-31 11:50:38',NULL),(15,'Aquisicao','2024-08-08 16:13:34','2024-08-08 16:13:34',NULL);
/*!40000 ALTER TABLE `compras_categorias` ENABLE KEYS */;
UNLOCK TABLES;

--
-- Table structure for table `compras_fornecedores`
--

DROP TABLE IF EXISTS `compras_fornecedores`;
/*!40101 SET @saved_cs_client     = @@character_set_client */;
/*!50503 SET character_set_client = utf8mb4 */;
CREATE TABLE `compras_fornecedores` (
  `id_compra_fornecedor` int NOT NULL AUTO_INCREMENT,
  `id_categoria` int NOT NULL,
  `fornecedor` varchar(150) NOT NULL,
  `created_at` datetime NOT NULL,
  `updated_at` datetime NOT NULL,
  `deleted_at` datetime DEFAULT NULL,
  PRIMARY KEY (`id_compra_fornecedor`),
  KEY `fk_compras_fornecedores_compras_categorias_idx` (`id_categoria`),
  CONSTRAINT `fk_compras_fornecedores_categorias` FOREIGN KEY (`id_categoria`) REFERENCES `compras_categorias` (`id_compra_categoria`)
) ENGINE=InnoDB AUTO_INCREMENT=108 DEFAULT CHARSET=utf8mb4 COLLATE=utf8mb4_0900_ai_ci;
/*!40101 SET character_set_client = @saved_cs_client */;

--
-- Dumping data for table `compras_fornecedores`
--

LOCK TABLES `compras_fornecedores` WRITE;
/*!40000 ALTER TABLE `compras_fornecedores` DISABLE KEYS */;
INSERT INTO `compras_fornecedores` VALUES (1,1,'Carl Zeiss Do Brasil Ltda','2024-04-23 11:43:59','2024-04-23 11:43:59',NULL),(2,2,'Coopervision','2024-04-25 11:41:25','2024-04-25 11:41:25',NULL),(3,1,'Adapt Produtos Oft Ltda','2024-04-25 11:43:44','2024-04-25 11:43:44',NULL),(4,3,'Sales Distribuidora Ltda','2024-04-25 11:47:58','2024-04-25 11:47:58',NULL),(5,2,'Johnson & Johnson Br Ind Com. Prod. Saude Ltda','2024-04-25 11:49:09','2024-04-25 11:49:09',NULL),(6,2,'Bl Industria Ltda','2024-04-25 11:50:08','2024-04-25 11:50:08',NULL),(7,2,'Solotica Distr. De Prod. Opticos Eireli','2024-04-25 11:51:25','2024-04-25 11:51:25',NULL),(8,1,'Ophthalmos Ltda','2024-04-25 11:55:34','2024-04-25 11:55:34',NULL),(9,4,'Alcon','2024-04-25 11:57:15','2024-04-25 11:57:15','2024-04-25 12:00:48'),(10,4,'Alcon','2024-04-25 11:58:25','2024-04-25 11:58:25','2024-04-25 12:00:51'),(11,4,'Alcon','2024-04-25 11:59:58','2024-04-25 12:01:31',NULL),(12,4,'Adapt Hospitalra Dist Medicamentos Ltda','2024-04-25 12:15:13','2024-04-25 12:15:13',NULL),(13,1,'Beta Surgical Materiais Medicos Ltda','2024-04-25 12:15:47','2024-04-25 12:15:47',NULL),(14,5,'Luxottica Brasil Prod Oticos Esp Ltda','2024-04-25 12:16:52','2024-04-25 12:16:52','2024-04-25 12:17:06'),(15,5,'Luxottica Brasil Prod Oticos Esp Ltda','2024-04-25 12:17:45','2024-04-25 12:17:45',NULL),(16,7,'J L Injecao De Plasticos Ltda','2024-04-25 14:11:58','2024-04-25 14:11:58',NULL),(17,8,'3 De Maio','2024-04-25 14:13:34','2024-04-25 14:13:34',NULL),(18,5,'Kenerson Ind E Com De Prod Opticos Ltda','2024-04-25 14:13:59','2024-04-25 14:13:59',NULL),(19,3,'Raami Comercio De Produtos De Limpeza Ltda','2024-04-29 12:19:25','2024-04-29 12:19:25',NULL),(20,1,'Jjsv Produtos óticos Ltda','2024-04-29 16:53:17','2024-04-29 16:53:17',NULL),(22,9,'Wg Negocios Corporativos','2024-04-30 14:10:12','2024-04-30 14:10:12',NULL),(23,10,'Wg Negocios Corporativos','2024-05-03 10:18:17','2024-05-03 10:18:17',NULL),(24,2,'Alcon','2024-05-09 11:35:47','2024-05-09 11:35:47',NULL),(25,2,'Coopervision  Do Brasil Ltda','2024-05-09 11:38:59','2024-05-09 11:38:59',NULL),(26,2,'Optolentes Lentes De Contato Ltda','2024-05-09 11:43:49','2024-05-09 11:45:04',NULL),(27,4,'Ophthalmos Ltda','2024-05-09 11:47:09','2024-05-09 11:47:09',NULL),(28,4,'Agf Express Materiais Medicos Ltda','2024-05-09 11:51:16','2024-05-09 11:51:16',NULL),(29,4,'Maycare Distribuidora Importadora','2024-05-09 11:52:12','2024-05-09 11:52:12',NULL),(30,4,'Thiago Rodrigues Cardoso 07541451665','2024-05-09 11:52:42','2024-05-09 11:52:42',NULL),(31,8,'Zerbini Do Brasil Ltda','2024-05-09 11:55:36','2024-05-09 11:55:36',NULL),(32,10,'Marcos Padovan Informatica Me','2024-05-09 11:56:04','2024-05-09 11:56:04',NULL),(33,9,'Luciano Cavalcante De Souza','2024-05-09 11:57:48','2024-05-09 11:57:48',NULL),(34,9,'V. Paula Souza Marcondes Comercio','2024-05-09 11:58:56','2024-05-09 11:58:56',NULL),(35,8,'Br Led Atacadista Ltda','2024-05-09 12:00:30','2024-05-09 12:00:30',NULL),(36,3,'Ravanna Modas Confeccao Ltda','2024-05-09 12:00:53','2024-05-09 12:00:53',NULL),(37,3,'Ravana Modas Confeccao Ltda','2024-05-09 12:04:29','2024-05-09 12:04:29',NULL),(38,8,'Mitev  Casa Das Tintas  Ltda Me','2024-05-09 12:08:13','2024-05-09 12:08:13',NULL),(39,4,'C M Hospitalar S.a (rpo)','2024-05-09 12:09:27','2024-05-09 12:09:27',NULL),(40,4,'Eye Pharma Ltda','2024-05-09 12:11:38','2024-05-09 12:11:38',NULL),(41,4,'Vision Line Imp E Com De Mar Equip Med Ltda','2024-05-09 12:12:56','2024-05-09 12:12:56',NULL),(42,4,'Intertech Ind Prod Med Hosp Ltda Epp','2024-05-09 12:14:20','2024-05-09 12:14:20',NULL),(43,4,'Apta Hospitalar Dist Mat Medicos Ltda','2024-05-09 12:15:48','2024-05-09 12:15:48',NULL),(44,9,'Bia Editora Comercio Ltda','2024-05-09 16:40:53','2024-05-09 16:40:53',NULL),(45,4,'Biohosp Produtos Hospitalares S/a','2024-05-15 12:21:43','2024-05-15 12:21:43',NULL),(46,10,'Fastlamp Com Ltda Me','2024-05-15 12:26:13','2024-05-15 12:26:13',NULL),(47,4,'Nacional Comercial Hospitalar S.a','2024-05-15 12:35:17','2024-05-15 12:35:17',NULL),(48,4,'Medcom Comercio Medicamentos Hospitalares Ltda','2024-05-15 12:35:44','2024-05-15 12:35:44',NULL),(49,5,'Suntech Supplies Ind E Com De Produtosoticos E Esp Ltda','2024-05-18 11:37:09','2024-05-18 11:37:09','2024-08-07 10:48:54'),(50,8,'Samatec Comerce Servicos E Peças Ltda','2024-05-22 16:11:29','2024-05-22 16:11:29',NULL),(51,9,'Kalunga Sa','2024-05-22 16:15:31','2024-05-22 16:15:31',NULL),(52,2,'Bausch+lomb','2024-05-22 16:20:22','2024-05-22 16:20:22',NULL),(53,9,'Jms Impressao Em 3d Ltda','2024-05-31 09:24:24','2024-05-31 09:24:24',NULL),(54,4,'Rafael Silva Santos','2024-05-31 09:24:40','2024-05-31 09:24:40',NULL),(55,10,'Rpg Venda Atacadista Ltda','2024-05-31 09:25:03','2024-05-31 09:25:03',NULL),(56,10,'Thais Regina Do Nascimento Silva','2024-05-31 09:25:37','2024-05-31 09:25:37',NULL),(57,9,'V. Paula Souza Marcondes Comercio','2024-05-31 09:26:03','2024-05-31 09:26:03',NULL),(58,4,'Medserv Suprimentos Medico Hospitalares','2024-05-31 10:05:08','2024-05-31 10:05:08',NULL),(59,4,'Elfa Medicamentos S.a','2024-06-06 11:02:43','2024-06-06 11:02:43',NULL),(60,2,'Alcon Brasil Cuidados Com A Saude','2024-06-06 11:05:04','2024-06-06 11:05:04',NULL),(63,11,'Lojas Irmaos Comercio De Variedades','2024-06-07 16:11:03','2024-06-07 16:11:03',NULL),(64,4,'Oxidetoni Equip Ind E Medicinais Ltda','2024-06-08 11:25:00','2024-06-08 11:25:00',NULL),(65,4,'Medjet Ltda','2024-06-12 11:56:24','2024-06-12 11:56:24',NULL),(66,4,'Mack Medical Importacao E Exportacao Ltda','2024-06-12 12:01:34','2024-06-12 12:01:34',NULL),(67,9,'Mei Ley Bazar Presentes','2024-06-25 09:32:24','2024-06-25 09:32:24',NULL),(68,5,'Teram Ltda','2024-06-25 09:32:44','2024-06-25 09:32:44',NULL),(69,5,'Rob Sol Industria Ltda','2024-06-25 09:33:18','2024-06-25 09:33:18',NULL),(70,4,'Seven Formulas','2024-06-25 09:33:57','2024-06-25 09:33:57',NULL),(71,5,'Fullsteel Ltda','2024-06-25 09:34:18','2024-06-25 09:34:18',NULL),(72,13,'Magazine Luiza S/a','2024-06-25 17:25:03','2024-06-25 17:25:03',NULL),(73,9,'Mercado Livre','2024-06-25 17:28:46','2024-06-25 17:28:46',NULL),(74,4,'Mercado Livre','2024-06-25 17:29:02','2024-06-25 17:29:02',NULL),(75,4,'Mercado Livre','2024-06-25 17:29:13','2024-06-25 17:29:13',NULL),(76,5,'Maria Sueme','2024-07-06 11:06:06','2024-07-06 11:06:06',NULL),(77,5,'Suntech Supplies Ind Com Prod Oticos','2024-07-15 12:56:02','2024-07-15 12:56:02',NULL),(78,9,'Mm Service','2024-07-16 11:13:00','2024-07-16 11:13:00',NULL),(79,8,'Ferragens Yamashiro','2024-07-22 11:11:16','2024-07-22 11:11:16',NULL),(80,8,'Caex ComunicaÇÃo Visual','2024-07-22 11:11:41','2024-07-22 11:11:41',NULL),(81,4,'Orthopedic Prod Cirurgicos','2024-07-23 17:33:44','2024-07-23 17:33:44',NULL),(82,4,'Fenix Prod Cirurgicos','2024-07-23 17:34:16','2024-07-23 17:34:16',NULL),(83,3,'Tempolimp Embalagens','2024-07-23 17:34:42','2024-07-23 17:34:42',NULL),(84,9,'Smart Id-com E Serv De Informatica','2024-07-31 11:45:49','2024-07-31 11:45:49',NULL),(85,10,'Neppe Materiais Eletricos','2024-07-31 11:49:03','2024-07-31 11:49:03',NULL),(86,14,'Daff Industrial Ltda','2024-07-31 11:51:03','2024-07-31 11:51:03',NULL),(87,4,'R.goncalves Suprimentos Medicos Ltda','2024-07-31 12:01:17','2024-07-31 12:01:17',NULL),(88,4,'39914','2024-07-31 12:11:47','2024-07-31 12:11:47',NULL),(89,3,'739373','2024-07-31 12:14:02','2024-07-31 12:14:02',NULL),(90,2,'732664','2024-07-31 12:15:03','2024-07-31 12:15:03',NULL),(91,2,'2447010','2024-07-31 12:15:31','2024-07-31 12:15:31',NULL),(92,4,'Cirúrgica Fernandes','2024-08-08 16:02:59','2024-08-08 16:02:59',NULL),(93,10,'Zox Telecom','2024-08-08 16:07:50','2024-08-08 16:07:50',NULL),(94,4,'Drogaria Efarma','2024-08-08 16:10:10','2024-08-08 16:10:10',NULL),(95,15,'Bel Micro Tecnologia','2024-08-08 16:14:12','2024-08-08 16:14:12',NULL),(96,3,'Nova Limp Com De Embalagens','2024-08-14 15:58:46','2024-08-14 15:58:46',NULL),(97,5,'J.e Comercio De Oculos Ltda','2024-08-14 16:02:29','2024-08-14 16:02:29',NULL),(98,2,'Oftalcom Ind E Com Ltda','2024-08-15 11:08:32','2024-08-15 11:08:32',NULL),(99,4,'Gilmed Distribuidora Descartaveis','2024-08-16 12:45:59','2024-08-16 12:45:59',NULL),(100,1,'Bausch+lomb','2024-09-06 15:36:28','2024-09-06 15:36:28',NULL),(101,4,'Octa Lab Farmacia De Manipulação','2024-09-06 15:42:31','2024-09-06 15:42:31',NULL),(102,4,'Comercial Commed Produtos Hosp Ltda','2024-09-27 10:11:16','2024-09-27 10:11:16',NULL),(103,12,'Marcos Rodrigues Variedades Shop Do Boa','2024-09-27 10:54:11','2024-09-27 10:54:11',NULL),(104,5,'Belaro Comercio De Produtos Opticos Ltda','2024-09-27 10:56:08','2024-09-27 10:56:08',NULL),(105,12,'Ebazar Com.br Ltda','2024-09-27 11:04:02','2024-09-27 11:04:02',NULL),(106,5,'Coral Ltda','2024-09-27 11:05:15','2024-09-27 11:05:15',NULL),(107,8,'Abc Lift Ltda','2024-09-27 11:22:10','2024-09-27 11:22:10',NULL);
/*!40000 ALTER TABLE `compras_fornecedores` ENABLE KEYS */;
UNLOCK TABLES;

--
-- Table structure for table `compras_notas`
--

DROP TABLE IF EXISTS `compras_notas`;
/*!40101 SET @saved_cs_client     = @@character_set_client */;
/*!50503 SET character_set_client = utf8mb4 */;
CREATE TABLE `compras_notas` (
  `id_compra_nota` int NOT NULL AUTO_INCREMENT,
  `id_fornecedor` int NOT NULL,
  `n_nota` char(20) NOT NULL,
  `valor` double(10,2) NOT NULL,
  `quantidade` double(10,2) DEFAULT NULL,
  `data` date NOT NULL,
  `id_empresa` int NOT NULL,
  `descricao` text NOT NULL,
  `created_at` datetime NOT NULL,
  `updated_at` datetime NOT NULL,
  `deleted_at` datetime DEFAULT NULL,
  PRIMARY KEY (`id_compra_nota`),
  UNIQUE KEY `n_nota_UNIQUE` (`n_nota`),
  KEY `fk_compras_notas_compras_fornecedores_idx` (`id_fornecedor`),
  CONSTRAINT `fk_compras_notas_compras_fornecedores` FOREIGN KEY (`id_fornecedor`) REFERENCES `compras_fornecedores` (`id_compra_fornecedor`) ON DELETE CASCADE ON UPDATE CASCADE
) ENGINE=InnoDB AUTO_INCREMENT=456 DEFAULT CHARSET=utf8mb4 COLLATE=utf8mb4_0900_ai_ci;
/*!40101 SET character_set_client = @saved_cs_client */;

--
-- Dumping data for table `compras_notas`
--

LOCK TABLES `compras_notas` WRITE;
/*!40000 ALTER TABLE `compras_notas` DISABLE KEYS */;
INSERT INTO `compras_notas` VALUES (1,1,'94965',1273.00,NULL,'2024-04-04',1,'','2024-04-23 11:45:21','2024-04-23 11:45:21',NULL),(2,2,'2340759',312.12,NULL,'2024-04-18',1,'','2024-04-25 11:42:24','2024-04-25 11:42:24',NULL),(3,3,'417348',520.00,NULL,'2024-04-10',1,'','2024-04-25 11:44:33','2024-04-25 11:44:33',NULL),(4,4,'601165',472.55,NULL,'2024-04-23',1,'','2024-04-25 11:48:27','2024-04-25 11:48:27',NULL),(5,5,'623548',280.77,NULL,'2024-04-17',1,'','2024-04-25 11:49:39','2024-04-25 11:49:39',NULL),(6,6,'520059',183.66,NULL,'2024-04-15',1,'','2024-04-25 11:50:48','2024-04-25 11:50:48',NULL),(7,7,'1570833',1300.85,NULL,'2024-04-17',1,'','2024-04-25 11:51:52','2024-04-25 11:51:52',NULL),(8,7,'1570877',440.00,NULL,'2024-04-17',1,'','2024-04-25 11:52:20','2024-04-25 11:52:20',NULL),(9,7,'1570876',150.50,NULL,'2024-04-17',1,'','2024-04-25 11:52:46','2024-04-25 11:52:46',NULL),(10,5,'621532',552.72,NULL,'2024-04-15',1,'','2024-04-25 11:53:55','2024-04-25 11:53:55',NULL),(11,5,'621533',532.40,NULL,'2024-04-15',1,'','2024-04-25 11:54:15','2024-04-25 11:54:15',NULL),(12,5,'621531',225.26,NULL,'2024-04-15',1,'','2024-04-25 11:54:34','2024-04-25 11:54:34',NULL),(13,5,'609758',258.52,NULL,'2024-04-05',5,'','2024-04-25 11:55:08','2024-04-25 11:55:08',NULL),(14,8,'142180',3150.00,NULL,'2024-04-18',1,'','2024-04-25 11:55:56','2024-04-25 11:55:56',NULL),(15,11,'537382',1099.20,NULL,'2024-04-22',1,'','2024-04-25 12:14:43','2024-04-25 12:14:43',NULL),(16,15,'8628386',1512.69,NULL,'2024-04-20',2,'','2024-04-25 12:30:33','2024-04-25 12:30:33',NULL),(17,13,'6359',1344.00,NULL,'2024-04-18',1,'','2024-04-25 12:31:15','2024-04-25 12:31:15',NULL),(18,16,'3803',2289.20,NULL,'2024-04-16',2,'','2024-04-25 14:12:28','2024-04-25 14:12:28',NULL),(19,17,'237583',2258.77,NULL,'2024-04-24',3,'','2024-04-26 12:29:58','2024-04-26 12:29:58',NULL),(20,15,'8636240',2277.72,NULL,'2024-04-24',2,'','2024-04-27 09:10:20','2024-04-27 09:10:20',NULL),(21,15,'837176',877.43,NULL,'2024-04-24',4,'','2024-04-29 11:27:35','2024-04-29 11:27:35',NULL),(22,19,'13257',299.70,NULL,'2024-04-26',3,'','2024-04-29 12:19:52','2024-04-29 12:19:52',NULL),(23,8,'142775',1050.00,NULL,'2024-04-26',1,'','2024-04-29 16:49:39','2024-04-29 16:49:39',NULL),(24,1,'96537',1273.00,NULL,'2024-04-26',1,'','2024-04-29 16:52:04','2024-04-29 16:52:04',NULL),(25,20,'438681',752.79,NULL,'2024-04-24',1,'','2024-04-29 16:53:45','2024-04-29 16:53:45',NULL),(26,7,'1572029',302.14,NULL,'2024-04-19',3,'','2024-04-30 14:02:02','2024-04-30 14:02:02',NULL),(27,7,'1569409',140.00,NULL,'2024-04-15',3,'','2024-04-30 14:02:32','2024-04-30 14:02:32',NULL),(28,5,'629613',185.91,NULL,'2024-04-22',3,'','2024-04-30 14:04:36','2024-04-30 14:04:36',NULL),(29,5,'617936',588.70,NULL,'2024-04-12',3,'','2024-04-30 14:05:07','2024-04-30 14:05:07',NULL),(30,22,'1625',100.00,NULL,'2024-04-29',1,'','2024-04-30 14:10:40','2024-04-30 14:10:40',NULL),(31,23,'54230',498.00,0.00,'2024-04-29',1,'','2024-04-30 14:21:28','2024-05-03 10:18:42',NULL),(33,5,'51515',500.00,3.00,'2024-05-03',2,'','2024-05-03 07:52:25','2024-05-03 07:53:56','2024-05-03 08:42:30'),(34,7,'1576706',272.07,1.00,'2024-04-30',3,'','2024-05-09 11:32:00','2024-05-09 11:32:00',NULL),(35,7,'1576204',107.07,1.00,'2024-04-30',3,'','2024-05-09 11:32:39','2024-05-09 11:32:39',NULL),(36,7,'1576713',391.60,1.00,'2024-04-30',3,'','2024-05-09 11:33:06','2024-05-09 11:33:06',NULL),(37,24,'539408',289.80,1.00,'2024-04-25',3,'','2024-05-09 11:38:03','2024-05-09 11:38:03',NULL),(38,2,'2349248',317.98,1.00,'2024-04-24',3,'','2024-05-09 11:39:37','2024-05-09 11:39:37',NULL),(39,7,'1575417',150.50,1.00,'2024-04-29',3,'','2024-05-09 11:40:07','2024-05-09 11:40:07',NULL),(40,5,'639028',276.36,1.00,'2024-04-30',5,'','2024-05-09 11:40:42','2024-05-09 11:40:42',NULL),(41,2,'2340243',251.56,1.00,'2024-04-17',5,'','2024-05-09 11:41:51','2024-05-09 11:41:51',NULL),(42,5,'636286',276.36,1.00,'2024-04-29',1,'','2024-05-09 11:42:18','2024-05-09 11:42:18',NULL),(43,24,'540126',767.38,1.00,'2024-04-26',1,'','2024-05-09 11:43:04','2024-05-09 11:43:04',NULL),(44,26,'187534',120.00,1.00,'2024-04-26',1,'','2024-05-09 11:44:28','2024-05-09 11:44:28',NULL),(45,7,'1577003',891.38,1.00,'2024-05-02',1,'','2024-05-09 11:46:11','2024-05-09 11:46:11',NULL),(46,27,'143227',573.75,1.00,'2024-05-03',1,'','2024-05-09 11:47:42','2024-05-09 11:47:42',NULL),(48,3,'420865',1820.00,1.00,'2024-05-03',1,'','2024-05-09 11:50:38','2024-05-09 11:50:38',NULL),(49,30,'1597',180.00,1.00,'2024-05-06',1,'','2024-05-09 11:53:06','2024-05-09 11:53:06',NULL),(50,28,'258933',52.63,1.00,'2024-04-10',1,'','2024-05-09 11:53:30','2024-05-09 11:53:30',NULL),(51,29,'19855',37.95,1.00,'2024-04-10',1,'','2024-05-09 11:54:02','2024-05-09 11:54:02',NULL),(52,31,'1922858',187.87,1.00,'2024-04-02',1,'','2024-05-09 12:01:30','2024-05-09 12:01:30',NULL),(53,31,'1932697',231.96,1.00,'2024-04-05',1,'','2024-05-09 12:01:58','2024-05-09 12:01:58',NULL),(54,32,'87469',135.79,1.00,'2024-04-10',1,'','2024-05-09 12:02:26','2024-05-09 12:02:26',NULL),(55,33,'4831',68.30,1.00,'2024-04-09',1,'','2024-05-09 12:02:50','2024-05-09 12:02:50',NULL),(56,34,'13487',115.70,1.00,'2024-04-29',1,'','2024-05-09 12:03:18','2024-05-09 12:03:18',NULL),(57,35,'142974',219.99,1.00,'2024-04-21',1,'','2024-05-09 12:03:42','2024-05-09 12:03:42',NULL),(58,37,'7330',139.25,1.00,'2024-04-27',1,'','2024-05-09 12:04:56','2024-05-09 12:04:56',NULL),(59,15,'8654231',571.39,3.00,'2024-04-30',4,'','2024-05-09 12:07:29','2024-05-09 12:32:40',NULL),(60,38,'5732',200.12,1.00,'2024-05-09',3,'','2024-05-09 12:08:44','2024-06-11 15:16:41',NULL),(61,39,'1453063',347.44,1.00,'2024-05-03',1,'','2024-05-09 12:10:02','2024-05-09 12:10:02',NULL),(62,40,'1127195',423.00,1.00,'2024-05-06',1,'','2024-05-09 12:12:06','2024-05-09 12:12:06',NULL),(63,41,'138103',643.00,1.00,'2024-05-02',1,'','2024-05-09 12:13:28','2024-05-09 12:13:28',NULL),(64,42,'38663',425.00,1.00,'2024-05-03',1,'','2024-05-09 12:14:48','2024-05-09 12:14:48',NULL),(65,43,'9346',507.32,1.00,'2024-05-02',1,'','2024-05-09 12:16:10','2024-05-09 12:16:10',NULL),(66,4,'607331',346.37,1.00,'2024-04-26',1,'','2024-05-09 12:19:27','2024-05-09 12:19:27',NULL),(67,17,'238305',2170.48,1.00,'2024-05-07',3,'','2024-05-09 12:19:51','2024-06-11 15:15:10',NULL),(68,44,'2130',30.00,1.00,'2024-05-09',1,'','2024-05-09 16:41:19','2024-05-09 16:41:19',NULL),(71,45,'658388',207.71,1.00,'2024-05-10',1,'','2024-05-15 12:23:49','2024-05-15 12:23:49',NULL),(72,8,'143605',7350.00,1.00,'2024-05-08',1,'','2024-05-15 12:24:28','2024-05-15 12:24:28',NULL),(73,7,'1577876',296.26,1.00,'2024-05-06',1,'','2024-05-15 12:25:41','2024-05-15 12:25:41',NULL),(74,46,'27377',200.00,1.00,'2024-05-14',1,'','2024-05-15 12:26:44','2024-05-15 12:26:44',NULL),(75,22,'1637',140.00,1.00,'2024-05-11',1,'','2024-05-15 12:30:23','2024-05-15 12:30:23',NULL),(76,23,'542490',524.00,1.00,'2024-05-11',1,'','2024-05-15 12:31:59','2024-05-15 12:31:59',NULL),(77,5,'645804',129.26,1.00,'2024-05-07',5,'','2024-05-15 12:32:26','2024-05-15 12:33:11',NULL),(78,5,'636669',129.26,1.00,'2024-04-29',5,'','2024-05-15 12:32:56','2024-05-15 12:32:56',NULL),(80,47,'92060',67.98,1.00,'2024-05-10',1,'','2024-05-15 12:36:26','2024-05-15 12:36:26',NULL),(81,48,'270710',30.84,1.00,'2024-05-10',1,'','2024-05-15 12:36:52','2024-05-20 11:09:37',NULL),(82,47,'931157',77.62,1.00,'2024-05-10',1,'','2024-05-15 12:37:34','2024-05-15 12:37:34',NULL),(83,15,'8651248',919.91,5.00,'2024-04-29',2,'','2024-05-18 11:33:16','2024-05-18 12:25:41',NULL),(84,15,'8673638',3086.35,11.00,'2024-05-09',2,'','2024-05-18 11:34:06','2024-05-18 11:34:06',NULL),(85,15,'8685083',1585.15,6.00,'2024-05-15',2,'','2024-05-18 11:34:40','2024-05-18 11:34:40',NULL),(86,18,'2952564',2180.05,20.00,'2024-05-11',2,'','2024-05-18 11:35:59','2024-05-18 11:35:59',NULL),(87,77,'147176',1052.92,6.00,'2024-05-13',2,'','2024-05-18 11:37:43','2024-08-07 10:48:44',NULL),(88,15,'8685619',3159.97,10.00,'2024-05-15',4,'','2024-05-22 16:10:06','2024-05-22 16:10:06',NULL),(89,1,'96969',5220.00,1.00,'2024-05-07',1,'','2024-05-22 16:10:37','2024-05-22 16:10:37',NULL),(90,50,'620292',614.00,1.00,'2024-05-17',1,'','2024-05-22 16:12:25','2024-05-22 16:12:25',NULL),(91,48,'202162',53.32,1.00,'2024-05-10',1,'','2024-05-22 16:12:59','2024-05-22 16:12:59',NULL),(92,41,'138580',635.00,1.00,'2024-05-14',1,'','2024-05-22 16:13:25','2024-05-22 16:13:25',NULL),(93,7,'1581737',891.38,1.00,'2024-05-16',3,'','2024-05-22 16:13:58','2024-05-22 16:13:58',NULL),(94,6,'523123',302.14,1.00,'2024-04-26',1,'','2024-05-22 16:14:39','2024-05-22 16:14:39',NULL),(95,7,'1579281',272.01,1.00,'2024-05-09',1,'','2024-05-22 16:15:04','2024-05-22 16:15:04',NULL),(96,51,'13481067',1664.47,1.00,'2024-05-13',1,'','2024-05-22 16:16:00','2024-05-22 16:16:00',NULL),(97,5,'652423',388.99,1.00,'2024-05-13',1,'','2024-05-22 16:16:31','2024-05-22 16:16:31',NULL),(98,11,'546790',579.60,1.00,'2024-05-13',1,'','2024-05-22 16:17:04','2024-05-22 16:17:04',NULL),(99,5,'645575',552.74,1.00,'2024-05-07',1,'','2024-05-22 16:17:51','2024-05-22 16:17:51',NULL),(100,5,'647445',481.30,1.00,'2024-05-08',1,'','2024-05-22 16:18:14','2024-05-22 16:18:14',NULL),(101,5,'657874',250.81,1.00,'2024-05-16',1,'','2024-05-22 16:18:45','2024-05-22 16:18:45',NULL),(102,7,'1579676',272.07,1.00,'2024-05-10',1,'','2024-05-22 16:19:17','2024-05-22 16:19:17',NULL),(104,52,'524652',288.44,1.00,'2024-05-07',1,'','2024-05-22 16:20:48','2024-05-22 16:20:48',NULL),(105,7,'1581836',296.26,1.00,'2024-05-16',1,'','2024-05-22 16:21:14','2024-05-22 16:21:14',NULL),(106,7,'1582292',150.50,1.00,'2024-05-17',3,'','2024-05-22 16:21:40','2024-06-11 15:30:38',NULL),(107,7,'1581982',107.07,1.00,'2024-05-16',1,'','2024-05-22 16:22:09','2024-05-22 16:22:09',NULL),(108,5,'659430',690.94,1.00,'2024-05-17',3,'','2024-05-22 16:22:32','2024-05-22 16:22:32',NULL),(109,2,'2371856',452.04,1.00,'2024-05-15',3,'','2024-05-22 16:23:00','2024-05-22 16:23:00',NULL),(110,5,'646932',138.18,1.00,'2024-05-08',3,'','2024-05-22 16:23:24','2024-05-22 16:23:24',NULL),(111,7,'1581286',544.14,1.00,'2024-05-15',3,'','2024-05-22 16:23:51','2024-05-22 16:23:51',NULL),(112,15,'8708020',828.91,1.00,'2024-05-23',2,'','2024-05-27 16:03:23','2024-05-27 16:03:23',NULL),(113,15,'8700930',924.77,1.00,'2024-05-21',2,'','2024-05-27 16:03:45','2024-05-27 16:03:45',NULL),(114,5,'661342',829.07,1.00,'2024-05-20',1,'','2024-05-27 16:04:18','2024-05-27 16:04:18',NULL),(115,7,'1583222',296.26,1.00,'2024-05-21',1,'','2024-05-27 16:04:41','2024-05-27 16:04:41',NULL),(116,5,'661340',276.36,1.00,'2024-05-20',1,'','2024-05-27 16:05:03','2024-07-31 11:15:46',NULL),(117,5,'661337',276.36,1.00,'2024-05-20',1,'','2024-05-27 16:05:26','2024-05-27 16:05:26',NULL),(118,7,'1584013',148.13,1.00,'2024-05-22',1,'','2024-05-27 16:05:52','2024-05-27 16:05:52',NULL),(119,7,'1583860',148.13,1.00,'2024-05-22',1,'','2024-05-27 16:06:14','2024-05-27 16:06:14',NULL),(120,7,'1584223',148.13,1.00,'2024-05-22',1,'','2024-05-27 16:06:38','2024-05-27 16:06:38',NULL),(121,4,'643963',354.90,1.00,'2024-05-21',3,'','2024-05-27 16:09:13','2024-05-27 16:09:13',NULL),(123,19,'13452',629.30,1.00,'2024-05-22',1,'','2024-05-27 16:10:07','2024-05-27 16:10:07',NULL),(124,23,'1647',180.00,1.00,'2024-05-22',1,'','2024-05-27 16:10:53','2024-05-27 16:10:53',NULL),(126,53,'1339',1020.00,1.00,'2024-05-20',1,'','2024-05-31 09:26:35','2024-05-31 09:26:35',NULL),(127,54,'188250',107.80,1.00,'2024-05-22',1,'','2024-05-31 09:27:04','2024-05-31 09:27:04',NULL),(128,55,'ATACADISTA',26.90,1.00,'2024-05-09',1,'','2024-05-31 09:27:31','2024-05-31 09:27:31',NULL),(129,56,'8054',49.10,1.00,'2024-05-07',1,'','2024-05-31 09:28:12','2024-05-31 09:28:12',NULL),(130,34,'13570',231.40,1.00,'2024-05-05',1,'','2024-05-31 09:30:32','2024-05-31 09:30:32',NULL),(131,58,'8803',290.45,1.00,'2024-05-27',1,'','2024-05-31 10:05:42','2024-05-31 10:05:42',NULL),(132,20,'444717',752.79,1.00,'2024-05-22',1,'','2024-05-31 10:06:32','2024-05-31 10:06:32','2024-06-11 15:04:15'),(133,8,'144772',29450.00,1.00,'2024-05-24',1,'','2024-05-31 10:08:38','2024-05-31 10:08:38',NULL),(134,2,'2377671',503.12,1.00,'2024-05-21',5,'','2024-05-31 10:09:18','2024-05-31 10:09:18',NULL),(135,20,'445366',752.79,1.00,'2024-05-27',1,'','2024-05-31 10:10:08','2024-05-31 10:10:08',NULL),(136,17,'239238',1599.54,1.00,'2024-05-22',3,'','2024-06-06 10:56:13','2024-06-06 10:56:13','2024-06-11 15:16:57'),(137,17,'239647',1535.06,1.00,'2024-05-29',3,'','2024-06-06 10:56:39','2024-06-11 15:17:40',NULL),(138,4,'658023',6963.41,1.00,'2024-05-31',1,'','2024-06-06 10:57:05','2024-06-06 10:57:05',NULL),(139,15,'8728105',654.79,2.00,'2024-05-31',4,'','2024-06-06 10:58:14','2024-06-06 10:58:14',NULL),(140,7,'1587767',1018.60,1.00,'2024-06-04',3,'','2024-06-06 10:58:45','2024-06-06 10:58:45',NULL),(141,2,'2388208',503.12,1.00,'2024-05-29',3,'','2024-06-06 10:59:13','2024-06-06 10:59:13',NULL),(142,7,'1583208',355.66,1.00,'2024-05-21',3,'','2024-06-06 10:59:43','2024-06-06 10:59:43',NULL),(143,7,'1586944',2037.20,1.00,'2024-05-29',3,'','2024-06-06 11:00:10','2024-06-06 11:00:10',NULL),(144,15,'8717561',1180.54,6.00,'2024-05-28',2,'','2024-06-06 11:00:37','2024-06-06 11:01:11',NULL),(145,18,'2960255',711.31,6.00,'2024-05-25',6,'','2024-06-06 11:01:57','2024-06-06 11:01:57',NULL),(146,59,'628582',846.00,1.00,'2024-05-29',1,'','2024-06-06 11:03:05','2024-06-06 11:03:05',NULL),(147,24,'550838',302.38,1.00,'2024-05-20',3,'','2024-06-06 11:05:42','2024-06-06 11:05:42',NULL),(148,7,'1584031',148.13,1.00,'2024-05-22',3,'','2024-06-06 11:06:16','2024-06-06 11:06:16',NULL),(149,7,'1586633',1018.60,1.00,'2024-05-28',3,'','2024-06-06 11:06:41','2024-06-06 11:06:41',NULL),(150,15,'8727793',478.36,2.00,'2024-05-31',2,'','2024-06-06 11:07:41','2024-06-06 11:07:41',NULL),(151,63,'3061',199.90,1.00,'2024-05-20',1,'','2024-06-07 16:11:57','2024-06-07 16:11:57',NULL),(152,63,'3093',679.66,1.00,'2024-05-29',1,'','2024-06-07 16:12:33','2024-06-07 16:12:33',NULL),(153,15,'8673634',182.81,1.00,'2024-05-05',2,'','2024-06-08 11:21:17','2024-06-08 11:21:17',NULL),(154,11,'558083',1306.26,1.00,'2024-06-05',1,'','2024-06-08 11:21:46','2024-06-08 11:21:46',NULL),(155,7,'1587557',243.10,1.00,'2024-06-04',1,'','2024-06-08 11:22:10','2024-06-08 11:22:10',NULL),(156,7,'1587556',161.00,1.00,'2024-06-04',1,'','2024-06-08 11:22:35','2024-06-08 11:22:35',NULL),(157,7,'1587555',296.26,1.00,'2024-06-04',1,'','2024-06-08 11:22:55','2024-06-08 11:22:55',NULL),(158,5,'679460',225.26,1.00,'2024-06-05',1,'','2024-06-08 11:23:22','2024-06-08 11:23:22',NULL),(159,5,'676259',481.30,1.00,'2024-06-03',1,'','2024-06-08 11:23:48','2024-06-08 11:23:48',NULL),(160,17,'240101',544.69,1.00,'2024-06-06',3,'','2024-06-08 11:24:12','2024-06-08 11:24:12',NULL),(161,17,'237988',198.30,1.00,'2024-05-02',3,'','2024-06-11 15:23:20','2024-06-11 15:23:20',NULL),(162,41,'139551',940.00,1.00,'2024-06-06',1,'','2024-06-12 11:50:37','2024-06-12 11:50:37',NULL),(163,27,'145916',821.80,1.00,'2024-06-10',1,'','2024-06-12 11:55:56','2024-06-12 11:55:56',NULL),(164,65,'124728',188.07,1.00,'2024-06-07',1,'','2024-06-12 12:21:58','2024-06-12 12:21:58',NULL),(165,66,'5441',706.66,1.00,'2024-06-10',1,'','2024-06-12 12:22:22','2024-06-12 12:22:22',NULL),(166,52,'61719',1399.93,1.00,'2024-06-07',1,'','2024-06-12 12:22:49','2024-06-12 12:22:49',NULL),(167,58,'9075',1043.31,1.00,'2024-06-11',1,'','2024-06-12 12:23:26','2024-06-12 12:23:26',NULL),(168,58,'9136',216.49,1.00,'2024-06-12',1,'','2024-06-13 13:00:02','2024-06-13 13:00:02',NULL),(170,39,'1487279',916.00,1.00,'2024-06-10',1,'','2024-06-13 13:02:54','2024-06-13 13:02:54',NULL),(171,5,'669506',258.52,1.00,'2024-05-27',1,'','2024-06-13 13:05:24','2024-06-13 13:05:24',NULL),(172,30,'615589',159.60,1.00,'2024-06-14',3,'','2024-06-14 15:13:36','2024-06-14 15:13:36',NULL),(173,7,'1588867',140.00,1.00,'2024-06-06',1,'','2024-06-14 15:15:11','2024-06-14 15:15:11',NULL),(174,2,'2401438',230.84,1.00,'2024-06-10',1,'','2024-06-14 15:15:35','2024-06-14 15:15:35',NULL),(175,7,'1589493',296.26,1.00,'2024-06-10',1,'','2024-06-14 15:22:11','2024-06-14 15:22:11',NULL),(176,7,'1589494',214.00,1.00,'2024-06-10',1,'','2024-06-14 15:27:47','2024-06-14 15:27:47',NULL),(177,5,'684582',276.36,1.00,'2024-06-10',1,'','2024-06-14 15:28:17','2024-06-14 15:28:17',NULL),(178,5,'686199',276.36,1.00,'2024-06-11',1,'','2024-06-14 15:28:49','2024-06-14 15:28:49',NULL),(179,7,'1589518',1356.68,1.00,'2024-06-10',3,'','2024-06-17 09:33:17','2024-06-17 09:33:17',NULL),(180,7,'1588727',148.13,1.00,'2024-06-06',3,'','2024-06-17 09:33:41','2024-06-17 09:33:41',NULL),(181,5,'679760',754.92,1.00,'2024-06-05',3,'','2024-06-17 09:34:04','2024-06-17 09:34:04',NULL),(182,5,'689780',552.76,1.00,'0276-05-05',3,'','2024-06-17 09:34:29','2024-06-17 09:34:29',NULL),(187,5,'700498',225.26,1.00,'2024-06-21',1,'','2024-06-25 09:50:16','2024-06-25 09:50:16',NULL),(188,7,'1591570',214.14,1.00,'2024-06-17',1,'','2024-06-25 09:52:18','2024-06-25 09:52:18',NULL),(189,23,'1656',1532.00,1.00,'2024-06-17',1,'','2024-06-25 09:52:48','2024-06-25 09:52:48',NULL),(190,5,'691716',276.36,1.00,'2024-06-14',5,'','2024-06-25 09:53:30','2024-06-25 09:53:30',NULL),(191,5,'691715',276.36,1.00,'2024-06-14',5,'','2024-06-25 09:53:56','2024-06-25 09:53:56',NULL),(192,8,'146640',850.00,1.00,'2024-06-17',1,'','2024-06-25 09:54:20','2024-06-25 09:54:20',NULL),(193,69,'47344',544.93,2.00,'2024-06-14',4,'','2024-06-25 09:54:54','2024-06-25 09:59:07',NULL),(194,5,'689716',112.63,1.00,'2024-06-13',1,'','2024-06-25 09:55:18','2024-06-25 09:55:18',NULL),(195,5,'693664',563.15,1.00,'2024-06-17',1,'','2024-06-25 09:55:48','2024-06-25 09:55:48',NULL),(196,2,'2410467',230.84,1.00,'2024-06-18',1,'','2024-06-25 09:56:13','2024-06-25 09:56:13',NULL),(197,7,'1589676',140.00,1.00,'2024-06-11',1,'','2024-06-25 09:56:35','2024-06-25 09:56:35',NULL),(198,52,'534010',191.80,1.00,'2024-06-14',1,'','2024-06-25 09:57:01','2024-06-25 09:57:01',NULL),(199,7,'1591072',150.50,1.00,'2024-06-15',1,'','2024-06-25 09:57:28','2024-06-25 09:57:28',NULL),(200,51,'13608093',1512.12,1.00,'2024-06-20',1,'','2024-06-25 09:57:53','2024-06-25 09:57:53',NULL),(201,70,'72918',1400.00,1.00,'2024-06-20',1,'','2024-06-25 09:58:16','2024-06-25 09:58:16',NULL),(202,71,'4028',723.00,20.00,'2024-06-20',2,'','2024-06-25 09:58:53','2024-06-25 09:58:53',NULL),(203,68,'2575',399.00,10.00,'2024-06-20',4,'','2024-06-25 09:59:45','2024-06-25 09:59:45',NULL),(204,15,'8769713',281.50,2.00,'2024-06-19',2,'','2024-06-25 10:01:13','2024-06-25 10:01:13',NULL),(205,73,'1523224',90.80,1.00,'2024-06-04',3,'','2024-06-25 17:30:29','2024-06-25 17:30:29',NULL),(206,73,'93847',83.94,1.00,'2024-06-05',3,'','2024-06-25 17:33:25','2024-06-25 17:33:25',NULL),(207,73,'530579',143.80,1.00,'2024-06-04',1,'','2024-06-25 17:35:33','2024-06-25 17:35:33',NULL),(208,74,'213925',33.05,1.00,'2024-06-02',3,'','2024-06-25 17:36:22','2024-06-25 17:36:22',NULL),(209,73,'8747',95.96,1.00,'2024-06-24',2,'','2024-06-25 17:36:52','2024-06-25 17:36:52',NULL),(210,75,'35908',34.20,1.00,'2024-06-25',5,'','2024-06-26 15:52:34','2024-06-26 15:52:34',NULL),(212,75,'181',191.04,1.00,'2024-06-25',5,'','2024-06-26 15:53:32','2024-06-26 15:53:32',NULL),(215,7,'1592281',148.13,1.00,'2024-06-19',3,'','2024-06-29 10:15:13','2024-06-29 10:15:13',NULL),(216,5,'691509',239.26,1.00,'2024-06-14',3,'','2024-06-29 10:15:36','2024-06-29 10:15:36',NULL),(217,23,'1663',332.00,1.00,'2024-06-28',3,'','2024-06-29 10:16:03','2024-06-29 10:16:03',NULL),(218,23,'54327',250.00,1.00,'2024-06-28',3,'','2024-06-29 10:16:31','2024-06-29 10:16:31',NULL),(219,23,'1662',480.00,1.00,'2024-06-28',3,'','2024-06-29 10:17:00','2024-06-29 10:17:00',NULL),(220,15,'8800440',719.70,10.00,'2024-06-28',6,'','2024-07-06 11:03:23','2024-07-06 11:03:23',NULL),(221,15,'8801896',974.13,7.00,'2024-06-29',2,'','2024-07-06 11:04:05','2024-07-06 11:12:28',NULL),(222,15,'8800448',3550.64,38.00,'2024-07-28',4,'','2024-07-06 11:05:16','2024-08-07 10:58:06',NULL),(223,76,'1186',5500.00,100.00,'2024-07-02',2,'','2024-07-06 11:06:42','2024-07-06 11:06:50',NULL),(224,76,'1187',1650.00,30.00,'2024-07-02',4,'','2024-07-06 11:07:25','2024-07-06 11:07:25',NULL),(225,15,'8800468',4088.72,38.00,'2024-06-28',2,'','2024-07-06 11:10:43','2024-07-06 11:10:43',NULL),(226,15,'8797257',432.80,3.00,'2024-06-27',2,'','2024-07-06 11:11:24','2024-07-06 11:11:24',NULL),(228,4,'698233',384.14,1.00,'2024-06-25',1,'','2024-07-06 11:30:42','2024-07-06 11:30:42',NULL),(229,19,'13674',691.30,1.00,'2024-06-26',1,'','2024-07-06 11:31:11','2024-07-06 11:31:11',NULL),(230,2,'2416566',230.84,1.00,'2024-06-24',1,'','2024-07-06 11:31:55','2024-07-06 11:31:55',NULL),(231,7,'1595836',296.26,1.00,'2024-06-28',1,'','2024-07-06 11:32:20','2024-07-06 11:32:20',NULL),(232,7,'1595557',150.50,1.00,'2024-06-28',1,'','2024-07-06 11:32:42','2024-07-06 11:32:42',NULL),(235,7,'1596097',391.60,1.00,'2024-07-01',1,'','2024-07-06 11:34:34','2024-07-06 11:34:34',NULL),(236,5,'711655',185.91,1.00,'2024-07-01',1,'','2024-07-06 11:35:01','2024-07-06 11:35:01',NULL),(237,5,'704889',1003.28,1.00,'2024-06-25',3,'','2024-07-06 11:35:27','2024-07-06 11:35:27',NULL),(238,23,'1666',150.00,1.00,'2024-07-02',1,'','2024-07-06 11:35:55','2024-07-06 11:35:55',NULL),(239,5,'715413',552.72,1.00,'2024-07-03',1,'','2024-07-06 11:36:29','2024-07-06 11:36:29',NULL),(240,3,'430146',5200.00,1.00,'2024-07-02',1,'','2024-07-06 11:36:57','2024-07-06 11:36:57',NULL),(243,7,'1596953',608.24,1.00,'2024-07-03',1,'','2024-07-06 11:50:45','2024-07-06 11:50:45',NULL),(245,24,'571899',575.23,1.00,'2024-07-03',1,'','2024-07-06 11:51:17','2024-07-06 11:51:17',NULL),(247,39,'1510112',302.00,1.00,'2024-07-03',1,'','2024-07-08 09:47:49','2024-07-08 09:47:49',NULL),(248,5,'717137',276.36,1.00,'2024-07-04',3,'','2024-07-08 09:48:31','2024-07-08 09:48:31',NULL),(249,7,'1596461',227.07,1.00,'2028-07-02',3,'','2024-07-08 09:48:59','2024-07-08 09:48:59',NULL),(250,19,'13746',284.70,1.00,'2024-07-04',5,'','2024-07-15 12:48:31','2024-07-15 12:48:31',NULL),(251,15,'8820411',708.66,5.00,'2024-07-09',2,'','2024-07-15 12:50:18','2024-07-15 12:51:15',NULL),(252,15,'8818029',5992.99,29.00,'2024-07-08',2,'','2024-07-15 12:50:55','2024-07-15 12:50:55',NULL),(253,15,'8814145',966.32,1.00,'2024-07-04',2,'','2024-07-15 12:52:00','2024-07-15 12:52:00',NULL),(255,19,'13757',379.60,1.00,'2024-07-08',3,'','2024-07-15 12:53:20','2024-07-15 12:53:20',NULL),(256,2,'2432724',300.28,1.00,'2024-07-05',1,'','2024-07-15 12:53:51','2024-07-15 12:53:51',NULL),(257,26,'188708',120.00,1.00,'2024-07-03',1,'','2024-07-15 12:54:21','2024-07-15 12:54:21',NULL),(258,77,'151042',1568.72,9.00,'2024-07-04',4,'','2024-07-15 12:57:06','2024-07-15 12:57:06',NULL),(259,77,'151033',4610.86,26.00,'2024-07-04',2,'','2024-07-15 12:57:58','2024-07-15 12:57:58',NULL),(260,15,'8823039',2006.62,10.00,'2024-07-09',6,'','2024-07-15 12:58:43','2024-07-15 12:58:43',NULL),(261,77,'151041',1568.85,10.00,'2024-07-04',6,'','2024-07-15 13:00:16','2024-07-15 13:00:16',NULL),(262,15,'8822258',1926.05,10.00,'2024-07-09',4,'','2024-07-15 13:01:10','2024-07-15 13:01:10',NULL),(264,5,'727377',276.36,1.00,'2024-07-12',1,'','2024-07-15 17:16:26','2024-07-15 17:16:26',NULL),(265,5,'721078',501.64,1.00,'2024-07-08',3,'','2024-07-16 11:11:07','2024-07-16 11:11:07',NULL),(266,78,'10287',560.00,1.00,'2024-06-18',1,'','2024-07-16 11:13:45','2024-07-16 11:13:45',NULL),(267,79,'653421',28.90,1.00,'2024-07-17',1,'','2024-07-22 11:12:07','2024-07-22 11:12:07',NULL),(268,80,'695245',155.00,1.00,'2024-07-05',1,'','2024-07-22 11:12:49','2024-07-22 11:12:49',NULL),(269,73,'12446',224.01,1.00,'2024-07-08',1,'','2024-07-22 11:13:17','2024-07-22 11:13:17',NULL),(270,5,'729048',552.76,1.00,'2024-07-15',3,'','2024-07-22 11:14:33','2024-07-22 11:14:33',NULL),(271,5,'728971',185.91,1.00,'2024-07-15',1,'','2024-07-22 11:15:35','2024-07-22 11:15:35',NULL),(272,24,'578333',302.38,1.00,'2024-07-17',1,'','2024-07-22 11:16:20','2024-07-22 11:16:20',NULL),(273,41,'14182',260.00,1.00,'2024-07-15',1,'','2024-07-22 11:16:40','2024-07-22 11:16:40',NULL),(274,13,'6593',1088.00,1.00,'2024-07-15',1,'','2024-07-22 11:17:01','2024-07-22 11:17:01',NULL),(275,24,'577033',285.43,1.00,'2024-07-15',1,'','2024-07-22 11:17:30','2024-07-22 11:17:30',NULL),(276,15,'8830895',1328.69,7.00,'2024-07-12',2,'','2024-07-22 11:18:00','2024-07-22 11:18:00',NULL),(277,83,'1117605',99.00,1.00,'2024-07-23',1,'','2024-07-23 17:35:16','2024-07-23 17:35:16',NULL),(278,82,'1828',25.20,1.00,'2024-07-23',1,'','2024-07-23 17:36:00','2024-07-23 17:36:00',NULL),(279,81,'648420',33.60,1.00,'2024-07-23',1,'','2024-07-23 17:36:24','2024-07-23 17:36:24',NULL),(280,18,'2990911',9864.55,78.00,'2024-07-23',2,'','2024-07-31 11:33:18','2024-07-31 11:34:52',NULL),(281,15,'8857954',1219.30,6.00,'2024-07-25',2,'','2024-07-31 11:34:17','2024-07-31 11:34:33',NULL),(282,15,'8846713',2036.75,10.00,'2024-07-20',2,'','2024-07-31 11:35:47','2024-07-31 11:35:47',NULL),(283,15,'8845102',1182.33,5.00,'2024-07-20',4,'','2024-07-31 11:36:18','2024-07-31 11:36:18',NULL),(284,77,'152069',791.43,4.00,'2024-07-18',2,'','2024-07-31 11:36:54','2024-07-31 11:36:54',NULL),(285,69,'51310',6854.13,1.00,'2024-07-23',2,'','2024-07-31 11:37:21','2024-07-31 11:37:21',NULL),(286,18,'2988606',3518.42,29.00,'2024-07-16',2,'','2024-07-31 11:37:58','2024-08-07 10:46:07',NULL),(287,18,'2990482',3630.76,35.00,'2024-07-22',6,'','2024-07-31 11:38:36','2024-07-31 11:38:36',NULL),(288,84,'23528',529.98,1.00,'2024-07-23',1,'','2024-07-31 11:46:25','2024-07-31 11:58:54',NULL),(289,85,'316407',419.69,1.00,'2024-07-31',1,'','2024-07-31 11:52:59','2024-07-31 11:52:59',NULL),(290,86,'35869',755.00,1.00,'2024-07-29',2,'','2024-07-31 11:54:00','2024-07-31 11:54:00',NULL),(291,2,'2442894',553.49,1.00,'2024-07-16',5,'','2024-07-31 11:54:31','2024-07-31 11:54:31',NULL),(292,7,'1601657',445.69,1.00,'2024-07-19',3,'','2024-07-31 11:55:29','2024-07-31 11:55:29',NULL),(293,7,'1600189',355.66,1.00,'2024-07-16',3,'','2024-07-31 11:55:55','2024-07-31 11:55:55',NULL),(294,2,'2444195',226.02,1.00,'2024-07-17',3,'','2024-07-31 11:56:30','2024-07-31 11:56:30',NULL),(295,51,'13711663',1346.07,1.00,'2024-07-24',1,'','2024-07-31 11:58:10','2024-07-31 11:58:10',NULL),(296,12,'433247',2600.00,1.00,'2024-07-22',1,'','2024-07-31 11:59:31','2024-07-31 11:59:31',NULL),(297,87,'752461',1694.42,1.00,'2024-07-23',1,'','2024-07-31 12:01:44','2024-07-31 12:01:44',NULL),(298,42,'39914',420.00,1.00,'2024-07-23',1,'','2024-07-31 12:16:40','2024-07-31 12:16:40',NULL),(299,4,'739373',360.45,1.00,'2024-04-23',1,'','2024-07-31 12:17:16','2024-07-31 12:17:16',NULL),(300,5,'732664',450.52,1.00,'2024-07-17',1,'','2024-07-31 12:18:16','2024-07-31 12:18:16',NULL),(301,2,'2447010',440.48,1.00,'2024-07-19',5,'','2024-07-31 12:18:44','2024-07-31 12:18:44',NULL),(302,7,'1600092',75.25,1.00,'2024-07-16',1,'','2024-07-31 12:21:05','2024-07-31 12:21:05',NULL),(303,7,'1599481',150.50,1.00,'2024-07-15',1,'','2024-07-31 12:21:58','2024-07-31 12:21:58',NULL),(304,7,'1597657',150.50,1.00,'2027-07-11',1,'','2024-07-31 12:22:27','2024-07-31 12:22:27',NULL),(305,7,'1598651',140.00,1.00,'2024-07-11',1,'','2024-07-31 12:22:55','2024-07-31 12:22:55',NULL),(306,7,'1600998',296.26,1.00,'2024-07-17',1,'','2024-07-31 12:23:17','2024-07-31 12:23:17',NULL),(307,26,'189289',60.00,1.00,'2024-07-16',1,'','2024-07-31 12:23:59','2024-07-31 12:23:59',NULL),(308,11,'580628',287.76,1.00,'2024-07-22',1,'','2024-07-31 12:24:51','2024-07-31 12:24:51',NULL),(309,8,'150144',1086.38,1.00,'2024-07-31',1,'','2024-08-02 16:02:13','2024-08-02 16:02:13',NULL),(310,43,'11782',912.91,1.00,'2024-07-30',1,'','2024-08-02 16:02:45','2024-08-02 16:02:45',NULL),(311,5,'740090',276.36,1.00,'2024-07-24',3,'','2024-08-02 16:03:22','2024-08-02 16:03:22',NULL),(312,18,'2992793',594.73,3.00,'2024-07-26',2,'','2024-08-02 16:03:51','2024-08-02 16:03:51',NULL),(316,75,'962090',86.95,1.00,'2024-07-25',1,'','2024-08-07 12:15:37','2024-08-07 12:15:37',NULL),(317,75,'209',97.17,1.00,'2024-07-24',1,'','2024-08-07 12:15:59','2024-08-07 12:15:59',NULL),(319,5,'747417',225.26,1.00,'2024-07-30',5,'','2024-08-07 12:17:07','2024-08-07 12:17:07',NULL),(320,5,'745490',120.62,1.00,'2024-07-29',5,'','2024-08-07 12:17:40','2024-08-07 12:17:40',NULL),(321,92,'1754829',661.65,1.00,'2024-08-05',1,'','2024-08-08 16:03:45','2024-08-08 16:03:45',NULL),(322,8,'150551',945.00,1.00,'2024-08-06',1,'','2024-08-08 16:06:48','2024-08-08 16:06:48','2024-08-08 16:07:20'),(323,93,'538221',221.90,1.00,'2024-08-01',1,'','2024-08-08 16:08:34','2024-08-08 16:08:34',NULL),(324,4,'758116',389.38,1.00,'2024-08-05',1,'','2024-08-08 16:09:03','2024-08-08 16:09:03',NULL),(325,43,'11867',567.68,1.00,'2024-08-02',1,'','2024-08-08 16:09:38','2024-08-08 16:09:38',NULL),(326,94,'11363',355.30,1.00,'2024-08-01',1,'','2024-08-08 16:10:38','2024-08-08 16:10:38',NULL),(327,39,'5423',302.00,1.00,'2024-08-01',1,'','2024-08-08 16:11:24','2024-08-08 16:11:24',NULL),(328,39,'1536509',302.00,1.00,'2024-08-01',1,'','2024-08-08 16:11:53','2024-08-08 16:11:53',NULL),(329,41,'142002',943.00,1.00,'2024-08-01',1,'','2024-08-08 16:12:22','2024-08-08 16:12:22',NULL),(330,19,'13967',664.30,1.00,'2024-08-06',1,'','2024-08-08 16:15:00','2024-08-08 16:15:00',NULL),(331,2,'2468989',300.28,1.00,'2024-08-08',1,'','2024-08-14 15:45:59','2024-08-14 15:45:59',NULL),(332,7,'1600999',311.98,1.00,'2024-07-17',1,'','2024-08-14 15:46:34','2024-08-14 15:46:34',NULL),(333,7,'1602436',75.25,1.00,'2024-07-23',1,'','2024-08-14 15:47:04','2024-08-14 15:47:04',NULL),(334,7,'1606954',148.13,1.00,'2024-08-05',1,'','2024-08-14 15:47:34','2024-08-14 15:47:34',NULL),(335,52,'545616',92.19,1.00,'2024-08-01',1,'','2024-08-14 15:48:45','2024-08-14 15:48:45',NULL),(336,52,'545632',154.75,1.00,'2024-08-01',1,'','2024-08-14 15:49:29','2024-08-14 15:49:29',NULL),(337,5,'745242',168.14,1.00,'2024-07-29',1,'','2024-08-14 15:50:01','2024-08-14 15:50:01',NULL),(339,19,'13964',379.60,3.00,'2024-08-06',3,'','2024-08-14 15:52:14','2024-08-14 15:52:14',NULL),(340,26,'189927',156.00,1.00,'2024-07-30',1,'','2024-08-14 15:52:52','2024-08-14 15:52:52',NULL),(341,2,'2464296',220.24,1.00,'2024-08-05',3,'','2024-08-14 15:53:33','2024-08-14 15:53:33',NULL),(342,2,'2459353',220.24,1.00,'2024-07-30',3,'','2024-08-14 15:54:35','2024-08-14 15:54:35',NULL),(343,7,'1605317',616.74,1.00,'2024-07-31',3,'','2024-08-14 15:55:05','2024-08-14 15:55:05',NULL),(345,15,'8886813',773.47,4.00,'2024-08-06',2,'','2024-08-14 15:57:07','2024-08-14 15:57:07',NULL),(346,58,'10593',3014.37,1.00,'2024-08-09',1,'','2024-08-14 15:58:02','2024-08-14 15:58:02',NULL),(347,96,'921788',240.75,1.00,'2024-08-13',1,'','2024-08-14 15:59:30','2024-08-14 15:59:30',NULL),(348,69,'52458',3769.01,20.00,'2024-08-01',4,'','2024-08-14 15:59:54','2024-08-14 16:00:53',NULL),(349,97,'6942',1090.00,30.00,'2024-08-12',2,'','2024-08-14 16:02:52','2024-08-14 16:05:26',NULL),(350,97,'6943',1040.00,30.00,'2024-08-12',4,'','2024-08-14 16:03:51','2024-08-14 16:05:09',NULL),(351,97,'6944',710.00,20.00,'2024-08-12',6,'','2024-08-14 16:04:48','2024-08-14 16:04:56',NULL),(352,98,'3275',135.00,1.00,'2024-08-09',1,'','2024-08-15 11:11:26','2024-08-15 11:11:26',NULL),(353,7,'1608589',272.07,1.00,'2024-08-09',1,'','2024-08-15 11:12:33','2024-08-15 11:12:33',NULL),(354,7,'1608590',391.60,1.00,'2024-08-09',1,'','2024-08-15 11:13:13','2024-08-15 11:13:13',NULL),(355,70,'75230',1400.00,1.00,'2024-08-13',1,'','2024-08-15 11:13:41','2024-08-15 11:13:41',NULL),(356,8,'151293',2000.00,1.00,'2024-08-14',1,'','2024-08-16 12:45:07','2024-08-16 12:45:07',NULL),(357,99,'4034',1512.50,1.00,'2024-08-15',1,'','2024-08-16 12:46:41','2024-08-16 12:46:41',NULL),(358,5,'774870',276.36,1.00,'2024-08-22',3,'','2024-09-06 15:09:25','2024-09-06 15:09:25',NULL),(359,5,'771379',280.77,1.00,'2024-08-20',1,'','2024-09-06 15:09:57','2024-09-06 15:09:57',NULL),(360,5,'769690',130.40,1.00,'2024-08-19',5,'','2024-09-06 15:11:10','2024-09-06 15:11:10',NULL),(361,5,'775069',225.26,1.00,'2024-08-22',5,'','2024-09-06 15:13:21','2024-09-06 15:13:21',NULL),(362,5,'748765',225.26,1.00,'2024-07-31',1,'','2024-09-06 15:13:43','2024-09-06 15:13:43',NULL),(363,8,'151620',3495.00,1.00,'2024-08-19',1,'','2024-09-06 15:14:26','2024-09-06 15:14:26',NULL),(364,8,'152000',47150.00,1.00,'2024-08-22',1,'','2024-09-06 15:14:50','2024-09-27 11:33:09',NULL),(365,8,'152513',2376.43,1.00,'2024-08-29',1,'','2024-09-06 15:15:15','2024-09-06 15:15:15',NULL),(367,8,'151372',1002.60,1.00,'2024-08-15',1,'','2024-09-06 15:16:04','2024-09-06 15:16:04',NULL),(369,13,'6673',1340.00,1.00,'2024-08-15',1,'','2024-09-06 15:17:20','2024-09-06 15:17:20',NULL),(370,15,'8854703',457.45,2.00,'2024-07-24',6,'','2024-09-06 15:23:49','2024-09-06 15:23:49',NULL),(371,15,'8939814',2841.85,22.00,'2024-08-28',6,'','2024-09-06 15:24:37','2024-09-06 15:24:37',NULL),(373,15,'8946235',572.09,4.00,'2024-08-30',2,'','2024-09-06 15:29:12','2024-09-06 15:29:12',NULL),(374,15,'8939859',3021.22,31.00,'2024-08-28',4,'','2024-09-06 15:30:01','2024-09-06 15:30:01',NULL),(375,15,'8933035',1292.33,7.00,'2024-08-24',2,'','2024-09-06 15:30:34','2024-09-06 15:30:34',NULL),(376,18,'3007364',890.63,5.00,'2024-08-20',2,'','2024-09-06 15:31:35','2024-09-06 15:31:35',NULL),(377,97,'7001',760.00,20.00,'2024-08-27',6,'','2024-09-06 15:32:26','2024-09-06 15:32:26',NULL),(378,97,'6999',1520.00,40.00,'2024-08-27',2,'','2024-09-06 15:33:01','2024-09-06 15:33:01',NULL),(379,15,'8906839',6144.49,28.00,'2024-08-16',2,'','2024-09-06 15:34:22','2024-09-06 15:34:22',NULL),(380,15,'8933803',870.35,4.00,'2024-08-26',2,'','2024-09-06 15:35:08','2024-09-06 15:35:08',NULL),(381,100,'68875',20.00,1.00,'2024-08-29',1,'','2024-09-06 15:36:11','2024-09-06 15:36:48',NULL),(382,15,'8918807',140.75,1.00,'2024-08-21',6,'','2024-09-06 15:37:19','2024-09-06 15:37:19',NULL),(383,7,'1614382',296.26,1.00,'2024-08-26',3,'','2024-09-06 15:37:46','2024-09-06 15:37:46',NULL),(384,2,'2486528',657.23,1.00,'2024-08-23',3,'','2024-09-06 15:38:53','2024-09-06 15:38:53',NULL),(385,101,'133522',613.50,1.00,'2024-08-30',1,'','2024-09-06 15:43:03','2024-09-06 15:43:03',NULL),(386,19,'14104',102.80,1.00,'2024-09-02',1,'','2024-09-06 15:43:33','2024-09-06 15:43:33',NULL),(387,7,'1611828',296.26,1.00,'2024-08-16',3,'','2024-09-06 15:44:00','2024-09-06 15:44:00',NULL),(388,7,'1612815',272.07,1.00,'2024-08-20',1,'','2024-09-06 15:44:30','2024-09-06 15:44:30',NULL),(389,98,'3281',290.00,1.00,'2024-08-23',1,'','2024-09-06 15:44:58','2024-09-06 15:44:58',NULL),(390,7,'1611917',296.26,1.00,'2024-08-19',1,'','2024-09-06 15:45:22','2024-09-06 15:45:22',NULL),(391,11,'595646',424.28,1.00,'2024-08-20',1,'','2024-09-06 15:56:18','2024-09-06 15:56:18',NULL),(392,7,'1615555',486.20,1.00,'2024-08-27',1,'','2024-09-06 15:57:40','2024-09-06 15:57:40',NULL),(393,7,'1615573',2037.20,1.00,'2024-08-27',1,'','2024-09-06 15:58:10','2024-09-06 15:58:10',NULL),(394,7,'1614664',486.20,1.00,'2024-08-26',1,'','2024-09-06 15:58:52','2024-09-06 15:58:52',NULL),(395,5,'777113',276.36,1.00,'2024-08-26',3,'','2024-09-06 15:59:37','2024-09-06 15:59:37',NULL),(396,15,'8939863',5523.98,54.00,'2024-08-28',2,'','2024-09-06 16:01:09','2024-09-06 16:01:09',NULL),(397,7,'1614767',308.37,1.00,'2024-08-26',3,'','2024-09-06 16:02:17','2024-09-06 16:02:17',NULL),(398,7,'1610296',296.26,1.00,'2024-08-14',3,'','2024-09-06 16:02:40','2024-09-06 16:02:40',NULL),(399,97,'7000',760.00,20.00,'2024-08-27',4,'','2024-09-06 16:44:01','2024-09-06 16:44:01',NULL),(400,27,'153969',401.50,1.00,'2024-09-17',1,'','2024-09-27 10:07:47','2024-09-27 10:07:47',NULL),(401,43,'13144',507.81,1.00,'2024-09-20',1,'','2024-09-27 10:09:13','2024-09-27 10:09:13',NULL),(402,102,'854838',414.72,1.00,'2024-09-24',1,'','2024-09-27 10:09:56','2024-09-27 10:11:40',NULL),(403,26,'191496',454.00,1.00,'2024-09-03',1,'','2024-09-27 10:13:56','2024-09-27 10:13:56',NULL),(404,2,'2509596',635.96,1.00,'2024-09-13',3,'','2024-09-27 10:14:21','2024-09-27 10:14:21',NULL),(405,23,'1711',1264.68,1.00,'2024-09-18',1,'','2024-09-27 10:15:42','2024-09-27 10:15:42',NULL),(406,43,'12991',556.00,1.00,'2024-09-16',1,'','2024-09-27 10:16:08','2024-09-27 10:16:08',NULL),(407,87,'764949',1694.42,1.00,'2024-09-16',1,'','2024-09-27 10:16:48','2024-09-27 10:16:48',NULL),(408,5,'803074',280.77,1.00,'2024-09-16',1,'','2024-09-27 10:17:14','2024-09-27 10:17:14',NULL),(409,2,'2512029',440.48,1.00,'2024-09-17',1,'','2024-09-27 10:17:45','2024-09-27 10:17:45',NULL),(410,19,'14161',284.70,1.00,'2024-09-11',5,'','2024-09-27 10:18:15','2024-09-27 10:18:15',NULL),(411,7,'1620824',272.07,1.00,'2024-09-09',1,'','2024-09-27 10:18:48','2024-09-27 10:18:48',NULL),(412,24,'606537',302.38,1.00,'2024-09-11',1,'','2024-09-27 10:19:13','2024-09-27 10:19:13',NULL),(413,27,'153278',585.60,1.00,'2024-09-06',1,'','2024-09-27 10:19:43','2024-09-27 10:19:43',NULL),(414,5,'787843',393.40,1.00,'2024-09-03',1,'','2024-09-27 10:20:27','2024-09-27 10:20:27',NULL),(415,5,'789719',168.14,1.00,'2024-09-04',1,'','2024-09-27 10:20:55','2024-09-27 10:20:55',NULL),(416,7,'1619288',148.13,1.00,'2024-09-04',1,'','2024-09-27 10:21:22','2024-09-27 10:21:22',NULL),(417,86,'37203',473.01,1.00,'2024-09-05',4,'','2024-09-27 10:22:03','2024-09-27 10:22:03',NULL),(418,86,'37204',438.00,1.00,'2024-09-05',6,'','2024-09-27 10:22:28','2024-09-27 10:22:28',NULL),(419,15,'8960142',743.66,6.00,'2024-09-05',2,'','2024-09-27 10:23:08','2024-09-27 10:24:31',NULL),(420,7,'1618460',272.07,1.00,'2024-09-02',3,'','2024-09-27 10:25:03','2024-09-27 10:25:03',NULL),(421,5,'789720',168.14,1.00,'2024-09-04',1,'','2024-09-27 10:25:33','2024-09-27 10:25:33',NULL),(422,7,'1618156',444.39,1.00,'2024-09-02',1,'','2024-09-27 10:26:10','2024-09-27 10:26:10',NULL),(423,7,'1618932',1018.60,1.00,'2024-09-03',3,'','2024-09-27 10:26:38','2024-09-27 10:26:38',NULL),(424,7,'1618186',148.13,1.00,'2024-09-02',3,'','2024-09-27 10:27:36','2024-09-27 10:27:36',NULL),(426,66,'55404',706.66,1.00,'2024-09-10',1,'','2024-09-27 10:43:01','2024-09-27 10:43:01',NULL),(427,15,'8915191',140.75,1.00,'2024-08-20',4,'','2024-09-27 10:43:49','2024-09-27 10:43:49',NULL),(428,15,'8967665',882.39,5.00,'2024-09-09',6,'','2024-09-27 10:44:31','2024-09-27 10:44:31',NULL),(429,7,'1620359',539.73,1.00,'2024-09-06',3,'','2024-09-27 10:45:25','2024-09-27 10:45:25',NULL),(431,13,'6794',689.00,1.00,'2024-09-18',1,'','2024-09-27 10:46:38','2024-09-27 10:46:38',NULL),(432,5,'808436',256.04,1.00,'2024-09-19',3,'','2024-09-27 10:47:17','2024-09-27 10:47:17',NULL),(433,74,'10878',74.00,1.00,'2024-09-16',1,'','2024-09-27 10:47:53','2024-09-27 10:47:53',NULL),(434,24,'609957',302.38,1.00,'2024-09-18',3,'','2024-09-27 10:48:48','2024-09-27 10:48:48',NULL),(435,51,'13899024',1620.22,1.00,'2024-09-19',1,'','2024-09-27 10:49:46','2024-09-27 10:49:46',NULL),(436,103,'4249',81.60,1.00,'2024-08-28',1,'','2024-09-27 10:54:44','2024-09-27 10:54:44',NULL),(437,104,'67488',440.00,10.00,'2024-09-03',6,'','2024-09-27 10:55:48','2024-09-27 10:56:24',NULL),(438,104,'67445',868.33,20.00,'2024-09-03',2,'','2024-09-27 10:57:23','2024-09-27 10:57:23',NULL),(439,26,'191190',192.40,1.00,'2024-08-27',1,'','2024-09-27 10:59:23','2024-09-27 10:59:23',NULL),(440,26,'190725',384.00,1.00,'2028-08-20',1,'','2024-09-27 10:59:46','2024-09-27 10:59:46',NULL),(441,5,'787844',276.36,1.00,'2024-09-03',1,'','2024-09-27 11:01:57','2024-09-27 11:01:57',NULL),(442,105,'250958',1301.40,2.00,'2024-09-05',1,'','2024-09-27 11:04:43','2024-09-27 11:04:43',NULL),(443,106,'4218',580.00,50.00,'2024-09-10',2,'','2024-09-27 11:05:53','2024-09-27 11:05:53',NULL),(444,42,'40716',470.00,1.00,'2024-09-09',1,'','2024-09-27 11:17:50','2024-09-27 11:17:50',NULL),(445,78,'10440',560.00,1.00,'2024-09-06',1,'','2024-09-27 11:18:49','2024-09-27 11:18:49',NULL),(446,7,'1619834',140.00,1.00,'2024-09-05',1,'','2024-09-27 11:20:49','2024-09-27 11:20:49',NULL),(447,107,'300',4200.00,1.00,'2024-09-16',1,'','2024-09-27 11:21:33','2024-09-27 11:22:24',NULL),(448,58,'11588',1076.05,1.00,'2024-09-16',1,'','2024-09-27 11:23:42','2024-09-27 11:23:42',NULL),(449,5,'801550',276.36,1.00,'2024-09-13',5,'','2024-09-27 11:24:32','2024-09-27 11:24:32',NULL),(450,7,'1625342',510.40,1.00,'2024-09-18',3,'','2024-09-30 16:24:01','2024-09-30 16:24:01',NULL),(451,7,'1626590',2037.20,1.00,'2024-09-23',3,'','2024-09-30 16:24:31','2024-09-30 16:24:31',NULL),(452,2,'2517318',503.12,1.00,'2024-09-20',3,'','2024-09-30 16:24:58','2024-09-30 16:24:58',NULL),(453,7,'1626549',23092024.00,1.00,'2024-09-23',1,'','2024-09-30 16:25:28','2024-09-30 16:25:28',NULL),(454,5,'811239',363.44,1.00,'2024-09-23',1,'','2024-09-30 16:26:00','2024-09-30 16:26:00',NULL),(455,5,'815139',4505.20,1.00,'2024-09-25',1,'','2024-09-30 16:26:28','2024-09-30 16:26:28',NULL);
/*!40000 ALTER TABLE `compras_notas` ENABLE KEYS */;
UNLOCK TABLES;

--
-- Table structure for table `compras_pedidos`
--

DROP TABLE IF EXISTS `compras_pedidos`;
/*!40101 SET @saved_cs_client     = @@character_set_client */;
/*!50503 SET character_set_client = utf8mb4 */;
CREATE TABLE `compras_pedidos` (
  `id_compra_pedido` int NOT NULL AUTO_INCREMENT,
  `id_usuario` int NOT NULL,
  `titulo` varchar(120) NOT NULL,
  `empresa` int NOT NULL,
  `link` text,
  `id_setor` int NOT NULL,
  `created_at` datetime NOT NULL,
  `updated_at` datetime NOT NULL,
  `deleted_at` datetime DEFAULT NULL,
  `descricao` text,
  `urgencia` int NOT NULL,
  `status` varchar(100) DEFAULT NULL,
  PRIMARY KEY (`id_compra_pedido`),
  KEY `fk_compras_pedidos_usuarios_idx` (`id_usuario`),
  KEY `compras_pedidos_setores_idx` (`id_setor`),
  CONSTRAINT `fk_compras_pedidos_setores` FOREIGN KEY (`id_setor`) REFERENCES `setores` (`id_setor`),
  CONSTRAINT `fk_compras_pedidos_usuarios` FOREIGN KEY (`id_usuario`) REFERENCES `usuarios` (`id_usuario`)
) ENGINE=InnoDB AUTO_INCREMENT=18 DEFAULT CHARSET=utf8mb4 COLLATE=utf8mb4_0900_ai_ci;
/*!40101 SET character_set_client = @saved_cs_client */;

--
-- Dumping data for table `compras_pedidos`
--

LOCK TABLES `compras_pedidos` WRITE;
/*!40000 ALTER TABLE `compras_pedidos` DISABLE KEYS */;
INSERT INTO `compras_pedidos` VALUES (2,1,'3x Teclados Rise Mode',1,'https://www.kabum.com.br/produto/380825/teclado-rise-mode-office-of-01-usb-abnt-com-teclado-numerico-preto-rm-tc-01-fb',1,'2024-08-01 11:13:25','2024-08-14 11:24:04',NULL,'3x Teclados Reservas',2,'negado'),(3,1,'3x Computadores',1,'https://www.amazon.com.br/Computador-Intel-240gb-Liquida%C3%A7%C3%A3o-Total/dp/B07YSV1GNM/ref=asc_df_B07YSV1GNM/?hvadid=379727321950&hvpos=&hvnetw=g&hvrand=15095095530404058063&hvpone=&hvptwo=&hvqmt=&hvdev=c&hvdvcmdl=&hvlocint=&hvlocphy=9196721&hvtargid=pla-864359324095&psc=1&mcid=2e20f435f3113bdbbbe2e64e7633fea2',1,'2024-08-01 11:24:28','2024-08-02 08:30:45',NULL,'',2,'negado'),(4,1,'3x Kits',1,'https://www.kabum.com.br/produto/317232/computador-completo-3green-intel-core-i5-8gb-ram-512gb-ssd-windows-10-monitor-led-19-5-',1,'2024-08-01 12:36:16','2024-08-01 12:48:05',NULL,'3x Kits com Computador, Monitor, Teclado e Mouse',3,'comprado'),(5,5,'Teste2',1,'',1,'2024-08-03 10:05:43','2024-08-03 11:17:09',NULL,'',1,'negado'),(6,1,'3x Memoria Ram 8GB',1,'https://www.mercadolivre.com.br/memoria-pc-8gb-kingston-ddr3-1600mhz-pc3-12800-kvr16n118/p/MLB18914706?item_id=MLB3796406953&from=gshop&matt_tool=83149186&matt_word=&matt_source=google&matt_campaign_id=14303413646&matt_ad_group_id=125984297717&matt_match_type=&matt_network=g&matt_device=c&matt_creative=539354956536&matt_keyword=&matt_ad_position=&matt_ad_type=pla&matt_merchant_id=735098660&matt_product_id=MLB18914706-product&matt_product_partition_id=2268623294839&matt_target_id=pla-2268623294839&cq_src=google_ads&cq_cmp=14303413646&cq_net=g&cq_plt=gp&cq_med=pla&gad_source=4&gclid=EAIaIQobChMIqcu4x8LjhwMVp9HCBB2g8QKzEAQYAiABEgIgA_D_BwE',1,'2024-08-16 09:04:37','2024-08-16 09:04:39',NULL,'Comprar 3 Memorias ram para consertar computadores',2,'comprado'),(7,6,'Cabo DC 7mm',5,'',6,'2024-08-21 09:18:43','2024-09-02 14:57:38',NULL,'',1,'comprado'),(8,3,'Teclado Campimetro',5,'https://produto.mercadolivre.com.br/MLB-729508771-teclado-notebook-asus-x55c-mp-10a76pa-9201-sem-frame-_JM',6,'2024-08-22 16:45:33','2024-08-23 11:56:43',NULL,'Teclado campimetro ',3,'comprado'),(9,1,'3x Telefone',3,'https://www.mercadolivre.com.br/telefone-ip-intelbras-tip-125/p/MLB10768092?item_id=MLB4194029066&from=gshop&matt_tool=72506193&matt_word=&matt_source=google&matt_campaign_id=14303413637&matt_ad_group_id=157045257826&matt_match_type=&matt_network=g&matt_device=c&matt_creative=686826984880&matt_keyword=&matt_ad_position=&matt_ad_type=pla&matt_merchant_id=735128188&matt_product_id=MLB10768092-product&matt_product_partition_id=2270550635478&matt_target_id=pla-2270550635478&cq_src=google_ads&cq_cmp=14303413637&cq_net=g&cq_plt=gp&cq_med=pla&gad_source=1',7,'2024-08-23 08:38:21','2024-09-03 09:56:00','2024-09-03 10:09:17','Telefone IP intelras tip 125',2,NULL),(10,3,'Cabo projetor',5,'https://www.mercadolivre.com.br/cabo-mini-usb-v3-p-ps3-c-filtro-alta-velocidade-15-metros-cor-preto/p/MLB21958344#searchVariation%3DMLB21958344%26position%3D4%26search_layout%3Dgrid%26type%3Dproduct%26tracking_id%3Dd27f7fdb-9762-43fd-b179-aa3ee3e5a7f8',9,'2024-08-26 16:18:25','2024-08-28 10:11:07',NULL,'Cabo do projetor do consultório da unidade Marehal Hermes. ',4,'comprado'),(11,1,'2x Webcam',1,'',7,'2024-08-27 09:13:36','2024-09-26 08:20:04',NULL,'Chamado da Lirce para colocar Webcam na recepção para usar a partir do dia 01/09/2024 no Convênio SÃO CRISTOVÃO',1,'comprado'),(12,1,'Tinta Preta Líquida',1,'',1,'2024-09-02 09:32:59','2024-09-04 10:06:39',NULL,'664',2,'comprado'),(13,1,'2x Telefones',3,'https://www.mercadolivre.com.br/telefone-ip-intelbras-tip-125/p/MLB10768092?item_id=MLB4194029066&from=gshop&matt_tool=72506193&matt_word=&matt_source=google&matt_campaign_id=14303413637&matt_ad_group_id=157045257826&matt_match_type=&matt_network=g&matt_device=c&matt_creative=686826984880&matt_keyword=&matt_ad_position=&matt_ad_type=pla&matt_merchant_id=735128188&matt_product_id=MLB10768092-product&matt_product_partition_id=2270550635478&matt_target_id=pla-2270550635478&cq_src=google_ads&cq_cmp=14303413637&cq_net=g&cq_plt=gp&cq_med=pla&gad_source=1',7,'2024-09-02 14:54:46','2024-09-26 08:19:52',NULL,'Telefone para a Recepção,\r\n2520 e 2521 Estão Desativados',3,NULL),(14,1,'2x Computadores Reservas',1,'https://produto.mercadolivre.com.br/MLB-3599154009-pc-computador-cpu-core-i5-3470-ssd-240gb-16gb-memoria-ram-_JM?matt_tool=10818270&matt_word=&matt_source=google&matt_campaign_id=14303413601&matt_ad_group_id=125984291957&matt_match_type=&matt_network=g&matt_device=c&matt_creative=539354956212&matt_keyword=&matt_ad_position=&matt_ad_type=pla&matt_merchant_id=5336671492&matt_product_id=MLB3599154009&matt_product_partition_id=2267617462722&matt_target_id=pla-2267617462722&cq_src=google_ads&cq_cmp=14303413601&cq_net=g&cq_plt=gp&cq_med=pla&gad_source=1',1,'2024-09-02 15:00:11','2024-09-02 15:00:50','2024-09-02 15:01:23','Hoje 02/09/2024\r\nUsei o ultimo computador Reserva disponível na unidade para a sala de Exames B,\r\no computador queimou\r\n(Já realoquei o 3° Computador do Ti {PC do Diego} para usar no exames)',2,NULL),(15,1,'Alicate de Corte',1,'https://produto.mercadolivre.com.br/MLB-2810666295-alicate-de-corte-diagonal-612-polegadas-linha-gedore-red-_JM?matt_tool=73118705&matt_word=&matt_source=google&matt_campaign_id=14302215555&matt_ad_group_id=161363869590&matt_match_type=&matt_network=g&matt_device=c&matt_creative=686778909999&matt_keyword=&matt_ad_position=&matt_ad_type=pla&matt_merchant_id=105019905&matt_product_id=MLB2810666295&matt_product_partition_id=1962976110713&matt_target_id=pla-1962976110713&cq_src=google_ads&cq_cmp=14302215555&cq_net=g&cq_plt=gp&cq_med=pla&gad_source=1',1,'2024-09-24 09:36:16','2024-09-24 09:36:16',NULL,'',2,NULL),(16,1,'Kit de Chaves',1,'https://www.amazon.com.br/Eda-8WU-Chaves-Phillips-Van%C3%A1dio/dp/B0777N8M36/ref=asc_df_B0777N8M36/?hvadid=709857067836&hvpos=&hvnetw=g&hvrand=4216991843579363727&hvpone=&hvptwo=&hvqmt=&hvdev=c&hvdvcmdl=&hvlocint=&hvlocphy=9196721&hvtargid=pla-1046824781992&psc=1&mcid=dcb11c9b2c7f3ac286678fb4a985c52c&gad_source=1',1,'2024-09-24 09:37:26','2024-09-24 09:37:26',NULL,'Kit de chaves com Chave Philips dos 3 tamanhos e 3 tamanho de chave Fenda',2,NULL),(17,1,'Parafusadeira Elétrica',1,'https://www.amazon.com.br/Parafusadeira-Philco-Ppf01-Preto-Pacote/dp/B07C5C2S1Q/ref=asc_df_B07C5C2S1Q/?hvadid=709857067812&hvpos=&hvnetw=g&hvrand=283603351366610643&hvpone=&hvptwo=&hvqmt=&hvdev=c&hvdvcmdl=&hvlocint=&hvlocphy=9196721&hvtargid=pla-833977206434&psc=1&mcid=5d32b85fb36736d5ba9b0fd8a2d5af02&gad_source=4',1,'2024-09-24 09:40:25','2024-09-24 09:40:25',NULL,'Útil para remover parafuso espanado principalmente de equipamentos antigos e notebooks',1,NULL);
/*!40000 ALTER TABLE `compras_pedidos` ENABLE KEYS */;
UNLOCK TABLES;

--
-- Table structure for table `conversas`
--

DROP TABLE IF EXISTS `conversas`;
/*!40101 SET @saved_cs_client     = @@character_set_client */;
/*!50503 SET character_set_client = utf8mb4 */;
CREATE TABLE `conversas` (
  `id_conversa` int NOT NULL AUTO_INCREMENT,
  `nome` varchar(100) DEFAULT NULL,
  `tipo` int NOT NULL DEFAULT '0',
  `created_at` datetime NOT NULL,
  `updated_at` datetime NOT NULL,
  `deleted_at` datetime DEFAULT NULL,
  PRIMARY KEY (`id_conversa`)
) ENGINE=InnoDB AUTO_INCREMENT=14 DEFAULT CHARSET=utf8mb4 COLLATE=utf8mb4_0900_ai_ci;
/*!40101 SET character_set_client = @saved_cs_client */;

--
-- Dumping data for table `conversas`
--

LOCK TABLES `conversas` WRITE;
/*!40000 ALTER TABLE `conversas` DISABLE KEYS */;
INSERT INTO `conversas` VALUES (1,NULL,0,'2024-08-18 16:34:00','2024-08-18 16:34:00',NULL),(3,NULL,0,'2024-08-21 09:23:37','2024-08-21 09:23:37',NULL),(4,NULL,0,'2024-08-21 09:30:48','2024-08-21 09:30:48',NULL),(8,NULL,0,'2024-08-21 11:35:16','2024-08-21 11:35:16',NULL),(9,NULL,0,'2024-08-21 12:11:11','2024-08-21 12:11:11',NULL),(10,NULL,0,'2024-08-21 12:11:19','2024-08-21 12:11:19',NULL),(11,NULL,0,'2024-08-21 12:26:59','2024-08-21 12:26:59',NULL),(12,NULL,0,'2024-08-21 12:55:19','2024-08-21 12:55:19',NULL),(13,NULL,0,'2024-08-23 11:41:19','2024-08-23 11:41:19',NULL);
/*!40000 ALTER TABLE `conversas` ENABLE KEYS */;
UNLOCK TABLES;

--
-- Table structure for table `conversas_mensagens`
--

DROP TABLE IF EXISTS `conversas_mensagens`;
/*!40101 SET @saved_cs_client     = @@character_set_client */;
/*!50503 SET character_set_client = utf8mb4 */;
CREATE TABLE `conversas_mensagens` (
  `id_conversa_mensagen` int NOT NULL AUTO_INCREMENT,
  `id_mensagem` int NOT NULL,
  `id_conversa` int NOT NULL,
  PRIMARY KEY (`id_conversa_mensagen`),
  KEY `fk_conversas_mensagens_mensagens_idx` (`id_mensagem`),
  KEY `fk_conversas_mensagens_conversas_idx` (`id_conversa`),
  CONSTRAINT `fk_conversas_mensagens_conversas` FOREIGN KEY (`id_conversa`) REFERENCES `conversas` (`id_conversa`),
  CONSTRAINT `fk_conversas_mensagens_mensagens` FOREIGN KEY (`id_mensagem`) REFERENCES `mensagens` (`id_mensagem`)
) ENGINE=InnoDB AUTO_INCREMENT=28 DEFAULT CHARSET=utf8mb4 COLLATE=utf8mb4_0900_ai_ci;
/*!40101 SET character_set_client = @saved_cs_client */;

--
-- Dumping data for table `conversas_mensagens`
--

LOCK TABLES `conversas_mensagens` WRITE;
/*!40000 ALTER TABLE `conversas_mensagens` DISABLE KEYS */;
INSERT INTO `conversas_mensagens` VALUES (1,1,1),(2,2,1),(3,3,3),(4,4,4),(5,5,1),(6,6,1),(7,7,1),(8,8,1),(9,9,1),(10,10,1),(11,11,1),(12,12,12),(13,13,3),(14,14,3),(15,15,3),(16,16,3),(17,17,3),(18,18,1),(19,19,1),(20,20,1),(21,21,1),(22,22,1),(23,23,1),(24,24,1),(25,25,1),(26,26,1),(27,27,1);
/*!40000 ALTER TABLE `conversas_mensagens` ENABLE KEYS */;
UNLOCK TABLES;

--
-- Table structure for table `financeiro_boletos`
--

DROP TABLE IF EXISTS `financeiro_boletos`;
/*!40101 SET @saved_cs_client     = @@character_set_client */;
/*!50503 SET character_set_client = utf8mb4 */;
CREATE TABLE `financeiro_boletos` (
  `id_financeiro_boleto` int NOT NULL AUTO_INCREMENT,
  `n_boleto` char(10) NOT NULL,
  `id_campanha` int NOT NULL,
  `id_usuario` int NOT NULL,
  `id_empresa` int NOT NULL,
  `cliente` varchar(150) NOT NULL,
  `data_venda` date NOT NULL,
  `valor` double(10,2) NOT NULL,
  `valor_pago` double(10,2) DEFAULT '0.00',
  `data_pago` date DEFAULT NULL,
  `created_at` datetime NOT NULL,
  `updated_at` datetime NOT NULL,
  `deleted_at` datetime DEFAULT NULL,
  PRIMARY KEY (`id_financeiro_boleto`),
  KEY `fk_financeiro_boletos_usuarios_idx` (`id_usuario`),
  KEY `fk_financeiro_boletos_campanhas_idx` (`id_campanha`),
  CONSTRAINT `fk_financeiro_boletos_financeiro_campanhas` FOREIGN KEY (`id_campanha`) REFERENCES `financeiro_campanhas` (`id_financeiro_campanha`),
  CONSTRAINT `fk_financeiro_boletos_usuarios` FOREIGN KEY (`id_usuario`) REFERENCES `usuarios` (`id_usuario`)
) ENGINE=InnoDB AUTO_INCREMENT=68 DEFAULT CHARSET=utf8mb4 COLLATE=utf8mb4_0900_ai_ci;
/*!40101 SET character_set_client = @saved_cs_client */;

--
-- Dumping data for table `financeiro_boletos`
--

LOCK TABLES `financeiro_boletos` WRITE;
/*!40000 ALTER TABLE `financeiro_boletos` DISABLE KEYS */;
INSERT INTO `financeiro_boletos` VALUES (1,'44059',1,13,2,'Maria Jose Barbosa Euclides','2024-08-26',900.00,900.00,'2024-08-14','2024-08-20 10:31:31','2024-08-20 10:32:12',NULL),(2,'44430',1,13,2,'Jose Fabio Dos Santos','2024-09-14',900.00,900.00,'2024-08-19','2024-08-20 10:34:35','2024-08-20 10:34:56',NULL),(3,'44046',1,13,2,'Agapito Jose De Santana','2024-08-26',2618.91,0.00,NULL,'2024-08-20 10:38:39','2024-08-20 10:43:55',NULL),(4,'44215',1,13,2,'Ricardo Zampieri','2024-08-05',1556.60,0.00,NULL,'2024-08-20 10:52:13','2024-08-20 10:52:13',NULL),(5,'44331',1,13,2,'Maria Do Socorro Pereira','2024-09-09',570.00,0.00,NULL,'2024-08-20 10:57:48','2024-08-20 10:57:48',NULL),(6,'44430',1,13,2,'Jose Fabio Dos Santos','2024-09-14',900.00,0.00,NULL,'2024-08-20 10:59:22','2024-08-20 10:59:22','2024-08-20 11:00:00'),(7,'43985',1,11,2,'Diego Oliveira Silva','2024-08-08',629.70,0.00,NULL,'2024-08-20 11:04:41','2024-08-20 11:04:41',NULL),(8,'44153',1,11,2,'Denilson Gervasio','2024-09-01',1972.26,1972.26,'2024-08-07','2024-08-20 11:05:58','2024-08-20 11:06:46',NULL),(9,'44197',1,11,2,'Vamberto Ribeiro Dos Santos','2024-09-03',1159.10,1159.10,'2024-08-07','2024-08-20 11:07:46','2024-08-29 12:33:38',NULL),(10,'44276',1,11,2,'Nilmara Silva Santos','2024-09-07',375.00,0.00,NULL,'2024-08-20 11:09:04','2024-08-20 11:09:04',NULL),(11,'44289',1,11,2,'Hannah Macedo Silva Pontes','2024-09-07',800.00,800.00,'2024-08-12','2024-08-20 11:09:55','2024-08-20 11:10:16',NULL),(12,'44324',1,11,2,'Ricardo Ramos De Andrade','2024-09-09',250.00,250.00,'2024-08-16','2024-08-20 11:11:09','2024-08-20 11:11:33',NULL),(13,'44202',1,11,2,'Jadi Cristina Redouco','2024-10-05',1100.00,1100.00,'2024-08-17','2024-08-20 11:12:38','2024-08-20 11:12:59',NULL),(14,'43972',1,14,2,'Adalberto Da Silva Alves','2024-08-24',1800.00,1800.00,'2024-08-02','2024-08-20 11:17:21','2024-08-20 11:18:37',NULL),(15,'44078',1,14,2,'Antonio Batista Leite','2024-09-29',1455.80,1455.80,'2024-08-12','2024-08-20 11:58:03','2024-08-20 11:58:27',NULL),(16,'44097',1,14,2,'Benedito Giacometo','2024-08-30',1200.00,1200.00,'2024-08-12','2024-08-20 12:04:16','2024-08-20 12:05:35',NULL),(17,'44093',1,14,2,'Lucerlene Oliveira Boaventura De Almeida','2024-08-30',3400.00,3400.00,'2024-08-07','2024-08-20 12:06:53','2024-08-20 12:07:48',NULL),(18,'43977',1,10,2,'Jose Bispo Goncalves De Menezes','2024-08-24',1000.00,1000.00,'2024-08-01','2024-08-20 12:11:03','2024-08-20 12:15:09',NULL),(19,'44120',1,10,2,'Cintia Martins Pinheiro','2024-08-31',591.50,591.50,'2024-08-10','2024-08-20 12:16:38','2024-08-20 12:17:11',NULL),(20,'44230',1,10,2,'Maria Do Carmo Dantas Varjao Vicente','2024-09-06',900.00,900.00,'2024-08-10','2024-08-20 12:19:31','2024-08-20 12:19:56',NULL),(21,'44239',1,10,2,'Jose Mario De Carvalho','2024-09-09',1690.00,1690.00,'2024-08-12','2024-08-20 12:21:37','2024-08-20 12:22:02',NULL),(22,'44342',1,10,2,'Igor Lima Rodrigues','2024-09-10',690.00,690.00,'2024-08-14','2024-08-20 12:23:26','2024-08-20 12:23:46',NULL),(23,'44421',1,10,2,'Tatiana Cristina Elias Job','2024-09-14',400.00,400.00,'2024-08-16','2024-08-20 12:24:41','2024-08-20 12:25:01',NULL),(24,'44361',1,10,2,'Eliana Aparecida Medina','2024-09-12',2800.00,2800.00,'2024-08-19','2024-08-20 12:26:08','2024-08-20 12:26:34',NULL),(25,'44296',1,10,2,'Airton Garcia Da Silva','2024-09-20',284.41,0.00,NULL,'2024-08-20 16:27:19','2024-08-20 16:27:19',NULL),(26,'44414',1,10,2,'Geni Aparecida De Lima Elias','2024-09-14',775.00,775.00,'2024-08-28','2024-08-20 16:30:14','2024-08-29 12:20:14',NULL),(27,'44633',2,10,2,'Veronica Coelho Pereira','2024-09-26',1700.00,1700.00,'2024-09-02','2024-08-28 10:25:22','2024-09-02 09:49:08',NULL),(28,'44637',2,12,2,'Ismael Cunha Ferreira','2024-09-26',1400.00,1400.00,'2024-08-28','2024-08-28 10:28:15','2024-08-28 10:44:50',NULL),(29,'44651',2,14,2,'Benedita Joventina Da Silva','2024-09-27',1500.00,0.00,NULL,'2024-08-28 10:31:09','2024-08-28 10:31:09',NULL),(30,'44646',2,10,2,'Bernadete Bernadina Da Silva','2024-09-27',1400.00,1400.00,'2024-09-09','2024-08-28 10:32:12','2024-09-10 10:38:28',NULL),(31,'44595',2,13,2,'Anderson Da Silva Romao','2024-09-23',1444.00,1444.00,'2024-09-20','2024-08-28 10:34:38','2024-09-25 10:15:12',NULL),(32,'44602',2,13,2,'Margarida Silverio Canato','2024-09-23',780.00,780.00,'2024-09-02','2024-08-28 10:37:02','2024-09-02 09:48:04',NULL),(33,'44594',2,12,2,'Francisca Honorio De Souza','2024-09-23',1050.00,1050.00,'2024-09-03','2024-08-28 10:38:26','2024-09-04 11:11:11',NULL),(34,'44613',2,13,2,'Manoel Messias Barbosa De Carvalho','2024-09-24',2390.00,2390.00,'2024-09-14','2024-08-28 10:39:14','2024-09-16 09:06:24',NULL),(35,'44587',2,11,2,'Marcos Onofre Ferreira','2024-09-22',280.00,280.00,'2024-09-03','2024-08-28 10:40:43','2024-09-04 11:12:27',NULL),(36,'44564',2,12,2,'Olinda Messias','2024-09-21',1700.00,1700.00,'2024-09-09','2024-08-28 10:41:31','2024-09-10 10:39:29',NULL),(37,'44666',2,12,2,'Angela Maria Tome','2024-09-28',750.00,750.00,'2024-09-18','2024-08-29 12:18:07','2024-09-18 09:39:41',NULL),(38,'44704',2,12,2,'Jessica Da Silva Soares','2024-09-30',1500.00,1500.00,'2024-09-10','2024-09-02 15:33:07','2024-09-11 09:54:33',NULL),(39,'44697',2,13,2,'Jose Alves Do Nascimento','2024-09-30',2000.00,2000.00,'2024-09-10','2024-09-02 15:35:57','2024-09-11 09:53:57',NULL),(40,'44715',2,16,6,'Quiteria De Araujo Alves Da Silva','2024-09-30',700.00,700.00,'2024-09-09','2024-09-02 15:36:58','2024-09-11 09:50:57',NULL),(41,'44731',2,13,2,'Luciene Maria De Lima Silva','2024-09-02',800.00,800.00,'2024-09-10','2024-09-04 10:09:53','2024-09-10 10:40:28',NULL),(42,'44655',2,16,6,'Aparecida De Fatima Alves','2024-08-29',1400.00,1400.00,'2024-09-12','2024-09-04 10:12:01','2024-09-16 09:27:26',NULL),(43,'44788',2,19,4,'Maria Do Carmo Marcal Rosa','2024-09-05',320.00,0.00,NULL,'2024-09-10 10:42:36','2024-09-10 10:42:36',NULL),(44,'44818',2,13,2,'Diuza Gomes Santiago Silva','2024-09-06',740.00,740.00,'2024-09-10','2024-09-10 10:43:26','2024-09-11 09:55:08',NULL),(45,'44798',2,16,6,'Ivanilda Dos Santos Silva','2024-09-05',500.00,500.00,'2024-09-18','2024-09-10 10:44:13','2024-09-18 09:42:51',NULL),(46,'44814',2,12,2,'Marian Tereza De Lima','2024-09-06',1300.00,1300.00,'2024-09-13','2024-09-10 10:44:55','2024-09-16 09:08:52',NULL),(47,'44842',2,13,2,'Marilene Odlevac Costa Machado','2024-09-09',3300.00,3300.00,'2024-09-19','2024-09-10 10:55:08','2024-09-25 10:36:21',NULL),(48,'44861',2,10,2,'Maria Vilma De Lima','2024-09-10',1879.00,1879.00,'2024-09-18','2024-09-11 09:56:16','2024-09-18 09:41:41',NULL),(49,'44903',2,14,2,'Karlene Oliveira De Luca','2024-09-12',2000.00,2000.00,'2024-09-20','2024-09-13 10:35:01','2024-09-25 10:33:40',NULL),(50,'44887',2,16,6,'Manoel Campos','2024-09-12',1085.00,0.00,NULL,'2024-09-16 10:35:52','2024-09-16 10:35:52',NULL),(51,'44889',2,16,6,'Davi Braz Da Silva','2024-09-12',1230.00,0.00,NULL,'2024-09-16 10:36:52','2024-09-16 10:36:52',NULL),(52,'44943',2,10,2,'Aparecido Nunes Vassalo','2024-09-16',1000.00,1000.00,'2024-09-20','2024-09-18 09:32:39','2024-09-25 10:22:45',NULL),(53,'44948',2,10,2,'Amanda Vitalino De Oliveira Buoro','2024-09-16',900.00,900.00,'2024-09-20','2024-09-18 09:33:32','2024-09-25 10:17:59',NULL),(54,'44942',2,12,2,'Antonio Sergio De Azevedo','2024-09-16',1050.00,1050.00,'2024-09-20','2024-09-18 09:34:19','2024-09-25 10:46:42',NULL),(55,'44936',2,14,2,'Edilma Batista De Araujo','2024-09-16',580.00,0.00,NULL,'2024-09-18 09:38:42','2024-09-18 09:38:42',NULL),(56,'44979',2,16,6,'Antonietta Krohn','2024-09-18',210.00,210.00,'2024-09-26','2024-09-25 10:11:08','2024-09-26 08:46:25',NULL),(57,'44976',2,16,6,'Felicio Ferreira Da Silva','2024-09-18',1500.00,0.00,NULL,'2024-09-25 10:12:16','2024-09-25 10:12:16',NULL),(58,'45016',2,10,2,'Maria Do Socorro Silva','2024-09-20',830.00,830.00,'2024-09-20','2024-09-25 10:13:20','2024-09-25 11:41:22',NULL),(59,'45068',3,16,6,'Maria Julia Duarte Rodrigues','2024-09-23',3800.00,0.00,NULL,'2024-09-25 16:50:07','2024-09-25 16:50:07',NULL),(60,'45074',3,10,2,'Maria Aparecida Alemos','2024-09-24',1300.00,0.00,NULL,'2024-09-25 16:51:31','2024-09-25 16:51:31',NULL),(61,'45091',3,12,2,'Carlos Grund','2024-09-24',2900.00,0.00,NULL,'2024-09-25 16:53:00','2024-09-25 16:53:00',NULL),(62,'45079',3,14,2,'Joao Marques Dorateu','2024-09-24',2400.00,0.00,NULL,'2024-09-25 16:53:53','2024-09-25 16:53:53',NULL),(63,'45127',3,12,2,'Maria De Fatima Azevedo Nascimento','2024-09-26',525.00,0.00,NULL,'2024-09-30 10:32:29','2024-09-30 10:32:29',NULL),(64,'45130',3,13,2,'Rubens De Sales Da Silva','2024-09-26',2333.52,0.00,NULL,'2024-09-30 10:33:28','2024-09-30 10:33:28',NULL),(65,'45108',3,14,2,'Maria Cicera Silva De Oliveira','2024-09-25',2300.00,0.00,NULL,'2024-09-30 10:34:17','2024-09-30 10:34:17',NULL),(66,'45105',3,10,2,'Leda Maria Paulino Silva','2024-09-25',860.00,0.00,NULL,'2024-09-30 10:35:01','2024-09-30 10:35:01',NULL),(67,'45104',3,12,2,'Valmir Tolentino Magalhaes','2024-09-25',1000.00,0.00,NULL,'2024-09-30 10:35:50','2024-09-30 10:35:50',NULL);
/*!40000 ALTER TABLE `financeiro_boletos` ENABLE KEYS */;
UNLOCK TABLES;

--
-- Table structure for table `financeiro_campanhas`
--

DROP TABLE IF EXISTS `financeiro_campanhas`;
/*!40101 SET @saved_cs_client     = @@character_set_client */;
/*!50503 SET character_set_client = utf8mb4 */;
CREATE TABLE `financeiro_campanhas` (
  `id_financeiro_campanha` int NOT NULL AUTO_INCREMENT,
  `nome` varchar(100) NOT NULL,
  `periodo_inicio` date NOT NULL,
  `periodo_fim` date NOT NULL,
  `data_pagamento` date NOT NULL,
  `created_at` datetime NOT NULL,
  `updated_at` datetime NOT NULL,
  `deleted_at` datetime DEFAULT NULL,
  PRIMARY KEY (`id_financeiro_campanha`)
) ENGINE=InnoDB AUTO_INCREMENT=4 DEFAULT CHARSET=utf8mb4 COLLATE=utf8mb4_0900_ai_ci;
/*!40101 SET character_set_client = @saved_cs_client */;

--
-- Dumping data for table `financeiro_campanhas`
--

LOCK TABLES `financeiro_campanhas` WRITE;
/*!40000 ALTER TABLE `financeiro_campanhas` DISABLE KEYS */;
INSERT INTO `financeiro_campanhas` VALUES (1,'Campanha 62','2024-07-21','2024-08-20','2024-09-05','2024-08-20 10:30:25','2024-08-29 12:34:11',NULL),(2,'Campanha 63','2024-08-21','2024-09-20','2024-10-06','2024-08-28 10:22:40','2024-08-29 10:49:25',NULL),(3,'Campanha 64','2024-09-21','2024-10-20','2024-10-25','2024-09-25 16:48:29','2024-09-25 16:49:09',NULL);
/*!40000 ALTER TABLE `financeiro_campanhas` ENABLE KEYS */;
UNLOCK TABLES;

--
-- Table structure for table `logs`
--

DROP TABLE IF EXISTS `logs`;
/*!40101 SET @saved_cs_client     = @@character_set_client */;
/*!50503 SET character_set_client = utf8mb4 */;
CREATE TABLE `logs` (
  `id_log` int NOT NULL AUTO_INCREMENT,
  `id_usuario` int NOT NULL,
  `acao` varchar(100) NOT NULL,
  `descricao` text NOT NULL,
  `data` datetime NOT NULL,
  PRIMARY KEY (`id_log`),
  KEY `fk_logs_idx` (`id_usuario`),
  CONSTRAINT `fk_logs` FOREIGN KEY (`id_usuario`) REFERENCES `usuarios` (`id_usuario`)
) ENGINE=InnoDB AUTO_INCREMENT=936 DEFAULT CHARSET=utf8mb4 COLLATE=utf8mb4_0900_ai_ci;
/*!40101 SET character_set_client = @saved_cs_client */;

--
-- Dumping data for table `logs`
--

LOCK TABLES `logs` WRITE;
/*!40000 ALTER TABLE `logs` DISABLE KEYS */;
INSERT INTO `logs` VALUES (1,1,'Editar','Editou a nota de compra: 0555 (1)','2024-04-20 10:55:31'),(2,1,'Desativar','Desativou a nota de compra (1)','2024-04-20 10:57:49'),(3,1,'Editar','Editou a nota de compra: 0555 (1)','2024-04-20 11:03:48'),(4,1,'Cadastrar','Cadastrou a categoria de compra: Lente Intraocular (2)','2024-04-20 11:21:48'),(5,1,'Cadastrar','Cadastrou o fornecedor de compra: Carl Zeiss Do Brasil Ltda (6)','2024-04-20 11:22:19'),(6,1,'Cadastrar','Cadastrou a nota de compra: 94965 (3)','2024-04-20 11:23:28'),(7,1,'Cadastrar','Cadastrou a nota de compra: 600 (4)','2024-04-22 10:44:07'),(8,1,'Cadastrar','Cadastrou a nota de compra: 5161 (5)','2024-04-22 11:07:39'),(9,1,'Cadastrar','Cadastrou a nota de compra: 6166 (6)','2024-04-22 12:41:12'),(10,1,'Cadastrar','Cadastrou a nota de compra: 5151 (7)','2024-04-22 13:01:13'),(11,1,'Cadastrar','Cadastrou a nota de compra: 05500010 (8)','2024-04-23 11:14:37'),(12,1,'Cadastrar','Cadastrou o setor: Compras (3)','2024-04-23 11:28:02'),(13,1,'Cadastrar','Cadastrou o cargo: Assistente De Compra Sênior (19)','2024-04-23 11:28:22'),(14,1,'Cadastrar','Cadastrou o usuário: Alessandra Vieira Nunes (6)','2024-04-23 11:36:22'),(15,6,'Editar','Editou o usuário: Alessandra Vieira Nunes (6)','2024-04-23 11:40:24'),(16,6,'Cadastrar','Cadastrou a categoria de compra: Lente Intraocular (1)','2024-04-23 11:42:12'),(17,6,'Cadastrar','Cadastrou o fornecedor de compra: Carl Zeiss Do Brasil Ltda (1)','2024-04-23 11:43:59'),(18,6,'Cadastrar','Cadastrou a nota de compra: 94965 (1)','2024-04-23 11:45:21'),(19,6,'Cadastrar','Cadastrou a categoria de compra: Lente De Contato (2)','2024-04-25 11:40:09'),(20,6,'Cadastrar','Cadastrou o fornecedor de compra: Coopervision (2)','2024-04-25 11:41:25'),(21,6,'Cadastrar','Cadastrou a nota de compra: 2340759 (2)','2024-04-25 11:42:24'),(22,6,'Cadastrar','Cadastrou o fornecedor de compra: Adapt Produtos Oft Ltda (3)','2024-04-25 11:43:44'),(23,6,'Cadastrar','Cadastrou a nota de compra: 417348 (3)','2024-04-25 11:44:33'),(24,6,'Cadastrar','Cadastrou a categoria de compra: Produtos De Limpeza (3)','2024-04-25 11:47:29'),(25,6,'Cadastrar','Cadastrou o fornecedor de compra: Sales Distribuidora Ltda (4)','2024-04-25 11:47:58'),(26,6,'Cadastrar','Cadastrou a nota de compra: 601165 (4)','2024-04-25 11:48:27'),(27,6,'Cadastrar','Cadastrou o fornecedor de compra: Johnson & Johnson Br Ind Com. Prod. Saude Ltda (5)','2024-04-25 11:49:09'),(28,6,'Cadastrar','Cadastrou a nota de compra: 623548 (5)','2024-04-25 11:49:39'),(29,6,'Cadastrar','Cadastrou o fornecedor de compra: Bl Industria Ltda (6)','2024-04-25 11:50:08'),(30,6,'Cadastrar','Cadastrou a nota de compra: 520059 (6)','2024-04-25 11:50:48'),(31,6,'Cadastrar','Cadastrou o fornecedor de compra: Solotica Distr. De Prod. Opticos Eireli (7)','2024-04-25 11:51:25'),(32,6,'Cadastrar','Cadastrou a nota de compra: 1570833 (7)','2024-04-25 11:51:52'),(33,6,'Cadastrar','Cadastrou a nota de compra: 1570877 (8)','2024-04-25 11:52:20'),(34,6,'Cadastrar','Cadastrou a nota de compra: 1570876 (9)','2024-04-25 11:52:46'),(35,6,'Cadastrar','Cadastrou a nota de compra: 621532 (10)','2024-04-25 11:53:55'),(36,6,'Cadastrar','Cadastrou a nota de compra: 621533 (11)','2024-04-25 11:54:15'),(37,6,'Cadastrar','Cadastrou a nota de compra: 621531 (12)','2024-04-25 11:54:34'),(38,6,'Cadastrar','Cadastrou a nota de compra: 609758 (13)','2024-04-25 11:55:08'),(39,6,'Cadastrar','Cadastrou o fornecedor de compra: Ophthalmos Ltda (8)','2024-04-25 11:55:34'),(40,6,'Cadastrar','Cadastrou a nota de compra: 142180 (14)','2024-04-25 11:55:56'),(41,6,'Cadastrar','Cadastrou a categoria de compra: Medicamentos (4)','2024-04-25 11:56:54'),(42,6,'Cadastrar','Cadastrou o fornecedor de compra: Alcon (9)','2024-04-25 11:57:15'),(43,6,'Cadastrar','Cadastrou o fornecedor de compra: Alcon (10)','2024-04-25 11:58:25'),(44,6,'Cadastrar','Cadastrou o fornecedor de compra: Alcon (11)','2024-04-25 11:59:58'),(45,6,'Desativar','Desativou o fornecedor de compra Alcon (9)','2024-04-25 12:00:48'),(46,6,'Desativar','Desativou o fornecedor de compra Alcon (10)','2024-04-25 12:00:51'),(47,6,'Editar','Editou o fornecedor de compra: Alcon (11)','2024-04-25 12:01:25'),(48,6,'Editar','Editou o fornecedor de compra: Alcon (11)','2024-04-25 12:01:31'),(49,6,'Cadastrar','Cadastrou a nota de compra: 537382 (15)','2024-04-25 12:14:43'),(50,6,'Cadastrar','Cadastrou o fornecedor de compra: Adapt Hospitalra Dist Medicamentos Ltda (12)','2024-04-25 12:15:13'),(51,6,'Cadastrar','Cadastrou o fornecedor de compra: Beta Surgical Materiais Medicos Ltda (13)','2024-04-25 12:15:47'),(52,6,'Cadastrar','Cadastrou a categoria de compra: ArmaÇÕes (5)','2024-04-25 12:16:07'),(53,6,'Cadastrar','Cadastrou o fornecedor de compra: Luxottica Brasil Prod Oticos Esp Ltda (14)','2024-04-25 12:16:52'),(54,6,'Desativar','Desativou o fornecedor de compra Luxottica Brasil Prod Oticos Esp Ltda (14)','2024-04-25 12:17:06'),(55,6,'Cadastrar','Cadastrou a categoria de compra: ArmaÇÕes (6)','2024-04-25 12:17:18'),(56,6,'Desativar','Desativou a categoria de compra ArmaÇÕes (6)','2024-04-25 12:17:23'),(57,6,'Cadastrar','Cadastrou o fornecedor de compra: Luxottica Brasil Prod Oticos Esp Ltda (15)','2024-04-25 12:17:45'),(58,6,'Editar','Editou a categoria de compra: Armações (5)','2024-04-25 12:23:22'),(59,6,'Cadastrar','Cadastrou a nota de compra: 8628386 (16)','2024-04-25 12:30:33'),(60,6,'Cadastrar','Cadastrou a nota de compra: 6359 (17)','2024-04-25 12:31:15'),(61,6,'Cadastrar','Cadastrou a categoria de compra: Estojo De Oculos (7)','2024-04-25 14:11:47'),(62,6,'Cadastrar','Cadastrou o fornecedor de compra: J L Injecao De Plasticos Ltda (16)','2024-04-25 14:11:58'),(63,6,'Cadastrar','Cadastrou a nota de compra: 3803 (18)','2024-04-25 14:12:28'),(64,6,'Cadastrar','Cadastrou a categoria de compra: Manutencao Predial (8)','2024-04-25 14:13:08'),(65,6,'Cadastrar','Cadastrou o fornecedor de compra: 3 De Maio (17)','2024-04-25 14:13:34'),(66,6,'Cadastrar','Cadastrou o fornecedor de compra: Kenerson Ind E Com De Prod Opticos Ltda (18)','2024-04-25 14:13:59'),(67,6,'Cadastrar','Cadastrou a nota de compra: 237583 (19)','2024-04-26 12:29:58'),(68,6,'Cadastrar','Cadastrou a nota de compra: 8636240 (20)','2024-04-27 09:10:20'),(69,6,'Cadastrar','Cadastrou a nota de compra: 837176 (21)','2024-04-29 11:27:35'),(70,6,'Cadastrar','Cadastrou o fornecedor de compra: Raami Comercio De Produtos De Limpeza Ltda (19)','2024-04-29 12:19:25'),(71,6,'Cadastrar','Cadastrou a nota de compra: 13257 (22)','2024-04-29 12:19:52'),(72,6,'Cadastrar','Cadastrou a nota de compra: 142775 (23)','2024-04-29 16:49:39'),(73,6,'Cadastrar','Cadastrou a nota de compra: 96537 (24)','2024-04-29 16:52:04'),(74,6,'Cadastrar','Cadastrou o fornecedor de compra: Jjsv Produtos óticos Ltda (20)','2024-04-29 16:53:17'),(75,6,'Cadastrar','Cadastrou a nota de compra: 438681 (25)','2024-04-29 16:53:45'),(76,6,'Cadastrar','Cadastrou a nota de compra: 1572029 (26)','2024-04-30 14:02:02'),(77,6,'Cadastrar','Cadastrou a nota de compra: 1569409 (27)','2024-04-30 14:02:32'),(78,6,'Cadastrar','Cadastrou a nota de compra: 629613 (28)','2024-04-30 14:04:36'),(79,6,'Cadastrar','Cadastrou a nota de compra: 617936 (29)','2024-04-30 14:05:07'),(80,6,'Cadastrar','Cadastrou a categoria de compra: Materiais De Escritorio (9)','2024-04-30 14:09:21'),(81,6,'Editar','Editou a categoria de compra: Materiais De Escritorio / (9)','2024-04-30 14:09:55'),(82,6,'Cadastrar','Cadastrou o fornecedor de compra: Wg Negocios Corporativos (22)','2024-04-30 14:10:12'),(83,6,'Cadastrar','Cadastrou a nota de compra: 1625 (30)','2024-04-30 14:10:40'),(84,6,'Cadastrar','Cadastrou a nota de compra: 54230 (31)','2024-04-30 14:21:28'),(85,1,'Editar','Editou a categoria de compra: Materiais De Escritorio (9)','2024-05-02 12:27:42'),(86,1,'Cadastrar','Cadastrou a nota de compra: 51515 (32)','2024-05-03 07:46:12'),(87,1,'Cadastrar','Cadastrou a nota de compra: 51515 (33)','2024-05-03 07:52:25'),(88,1,'Editar','Editou a nota de compra: 51515 (33)','2024-05-03 07:53:56'),(89,1,'Desativar','Desativou a nota de compra (33)','2024-05-03 08:42:30'),(90,6,'Cadastrar','Cadastrou a categoria de compra: Manutenção De Equipamentos (10)','2024-05-03 10:17:57'),(91,6,'Cadastrar','Cadastrou o fornecedor de compra: Wg Negocios Corporativos (23)','2024-05-03 10:18:17'),(92,6,'Editar','Editou a nota de compra: 54230 (31)','2024-05-03 10:18:42'),(93,6,'Cadastrar','Cadastrou a nota de compra: 1576706 (34)','2024-05-09 11:32:00'),(94,6,'Cadastrar','Cadastrou a nota de compra: 1576204 (35)','2024-05-09 11:32:39'),(95,6,'Cadastrar','Cadastrou a nota de compra: 1576713 (36)','2024-05-09 11:33:06'),(96,6,'Cadastrar','Cadastrou o fornecedor de compra: Alcon (24)','2024-05-09 11:35:47'),(97,6,'Cadastrar','Cadastrou a nota de compra: 539408 (37)','2024-05-09 11:38:03'),(98,6,'Cadastrar','Cadastrou o fornecedor de compra: Coopervision  Do Brasil Ltda (25)','2024-05-09 11:38:59'),(99,6,'Cadastrar','Cadastrou a nota de compra: 2349248 (38)','2024-05-09 11:39:37'),(100,6,'Cadastrar','Cadastrou a nota de compra: 1575417 (39)','2024-05-09 11:40:07'),(101,6,'Cadastrar','Cadastrou a nota de compra: 639028 (40)','2024-05-09 11:40:42'),(102,6,'Cadastrar','Cadastrou a nota de compra: 2340243 (41)','2024-05-09 11:41:51'),(103,6,'Cadastrar','Cadastrou a nota de compra: 636286 (42)','2024-05-09 11:42:18'),(104,6,'Cadastrar','Cadastrou a nota de compra: 540126 (43)','2024-05-09 11:43:04'),(105,6,'Cadastrar','Cadastrou o fornecedor de compra: Optlentes Lentes De Contato Ltda (26)','2024-05-09 11:43:49'),(106,6,'Cadastrar','Cadastrou a nota de compra: 187534 (44)','2024-05-09 11:44:28'),(107,6,'Editar','Editou o fornecedor de compra: Optolentes Lentes De Contato Ltda (26)','2024-05-09 11:45:04'),(108,6,'Cadastrar','Cadastrou a nota de compra: 1577003 (45)','2024-05-09 11:46:11'),(109,6,'Cadastrar','Cadastrou o fornecedor de compra: Ophthalmos Ltda (27)','2024-05-09 11:47:09'),(110,6,'Cadastrar','Cadastrou a nota de compra: 143227 (46)','2024-05-09 11:47:42'),(111,6,'Cadastrar','Cadastrou a nota de compra: 417348 (47)','2024-05-09 11:48:41'),(112,6,'Cadastrar','Cadastrou a nota de compra: 420865 (48)','2024-05-09 11:50:38'),(113,6,'Cadastrar','Cadastrou o fornecedor de compra: Agf Express Materiais Medicos Ltda (28)','2024-05-09 11:51:16'),(114,6,'Editar','Editou a categoria de compra: Medicamentos / Material Hospitalar (4)','2024-05-09 11:51:38'),(115,6,'Cadastrar','Cadastrou o fornecedor de compra: Maycare Distribuidora Importadora (29)','2024-05-09 11:52:12'),(116,6,'Cadastrar','Cadastrou o fornecedor de compra: Thiago Rodrigues Cardoso 07541451665 (30)','2024-05-09 11:52:42'),(117,6,'Cadastrar','Cadastrou a nota de compra: 1597 (49)','2024-05-09 11:53:06'),(118,6,'Cadastrar','Cadastrou a nota de compra: 258933 (50)','2024-05-09 11:53:30'),(119,6,'Cadastrar','Cadastrou a nota de compra: 19855 (51)','2024-05-09 11:54:02'),(120,6,'Cadastrar','Cadastrou o fornecedor de compra: Zerbini Do Brasil Ltda (31)','2024-05-09 11:55:36'),(121,6,'Cadastrar','Cadastrou o fornecedor de compra: Marcos Padovan Informatica Me (32)','2024-05-09 11:56:04'),(122,6,'Cadastrar','Cadastrou o fornecedor de compra: Luciano Cavalcante De Souza (33)','2024-05-09 11:57:48'),(123,6,'Cadastrar','Cadastrou o fornecedor de compra: V. Paula Souza Marcondes Comercio (34)','2024-05-09 11:58:56'),(124,6,'Cadastrar','Cadastrou o fornecedor de compra: Br Led Atacadista Ltda (35)','2024-05-09 12:00:30'),(125,6,'Cadastrar','Cadastrou o fornecedor de compra: Ravanna Modas Confeccao Ltda (36)','2024-05-09 12:00:53'),(126,6,'Cadastrar','Cadastrou a nota de compra: 1922858 (52)','2024-05-09 12:01:30'),(127,6,'Cadastrar','Cadastrou a nota de compra: 1932697 (53)','2024-05-09 12:01:58'),(128,6,'Cadastrar','Cadastrou a nota de compra: 87469 (54)','2024-05-09 12:02:26'),(129,6,'Cadastrar','Cadastrou a nota de compra: 4831 (55)','2024-05-09 12:02:51'),(130,6,'Cadastrar','Cadastrou a nota de compra: 13487 (56)','2024-05-09 12:03:18'),(131,6,'Cadastrar','Cadastrou a nota de compra: 142974 (57)','2024-05-09 12:03:42'),(132,6,'Cadastrar','Cadastrou o fornecedor de compra: Ravana Modas Confeccao Ltda (37)','2024-05-09 12:04:29'),(133,6,'Cadastrar','Cadastrou a nota de compra: 7330 (58)','2024-05-09 12:04:56'),(134,6,'Cadastrar','Cadastrou a nota de compra: 8654231 (59)','2024-05-09 12:07:29'),(135,6,'Cadastrar','Cadastrou o fornecedor de compra: Mitev  Casa Das Tintas  Ltda Me (38)','2024-05-09 12:08:13'),(136,6,'Cadastrar','Cadastrou a nota de compra: 5732 (60)','2024-05-09 12:08:44'),(137,6,'Cadastrar','Cadastrou o fornecedor de compra: C M Hospitalar S.a (rpo) (39)','2024-05-09 12:09:27'),(138,6,'Cadastrar','Cadastrou a nota de compra: 1453063 (61)','2024-05-09 12:10:02'),(139,6,'Cadastrar','Cadastrou o fornecedor de compra: Eye Pharma Ltda (40)','2024-05-09 12:11:38'),(140,6,'Cadastrar','Cadastrou a nota de compra: 1127195 (62)','2024-05-09 12:12:06'),(141,6,'Cadastrar','Cadastrou o fornecedor de compra: Vision Line Imp E Com De Mar Equip Med Ltda (41)','2024-05-09 12:12:56'),(142,6,'Cadastrar','Cadastrou a nota de compra: 138103 (63)','2024-05-09 12:13:28'),(143,6,'Cadastrar','Cadastrou o fornecedor de compra: Intertech Ind Prod Med Hosp Ltda Epp (42)','2024-05-09 12:14:20'),(144,6,'Cadastrar','Cadastrou a nota de compra: 38663 (64)','2024-05-09 12:14:48'),(145,6,'Cadastrar','Cadastrou o fornecedor de compra: Apta Hospitalar Dist Mat Medicos Ltda (43)','2024-05-09 12:15:48'),(146,6,'Cadastrar','Cadastrou a nota de compra: 9346 (65)','2024-05-09 12:16:11'),(147,6,'Editar','Editou a categoria de compra: Manutenção Predial (8)','2024-05-09 12:19:00'),(148,6,'Cadastrar','Cadastrou a nota de compra: 607331 (66)','2024-05-09 12:19:27'),(149,6,'Cadastrar','Cadastrou a nota de compra: 238305 (67)','2024-05-09 12:19:51'),(150,6,'Editar','Editou a nota de compra: 8654231 (59)','2024-05-09 12:32:40'),(151,6,'Cadastrar','Cadastrou o fornecedor de compra: Bia Editora Comercio Ltda (44)','2024-05-09 16:40:53'),(152,6,'Cadastrar','Cadastrou a nota de compra: 2130 (68)','2024-05-09 16:41:19'),(153,6,'Cadastrar','Cadastrou a nota de compra: 8654231 (69)','2024-05-09 16:44:10'),(155,1,'Editar','Editou o projeto de ID: 1 e Descrição: abc','2024-05-10 09:03:13'),(156,1,'Editar','Editou o projeto de ID: 1 e Descrição: a','2024-05-10 09:03:16'),(157,1,'Editar','Editou o projeto de ID: 1 e Descrição: a','2024-05-10 09:03:38'),(158,1,'Editar','Editou o projeto de ID: 1 e Descrição: a','2024-05-10 09:03:40'),(159,1,'Desativar','Desativou o projeto de ID: 1','2024-05-10 09:05:41'),(160,1,'Desativar','Desativou o projeto de ID: 1','2024-05-10 09:10:14'),(161,6,'Cadastrar','Cadastrou a nota de compra: 96969 (70)','2024-05-15 12:20:22'),(162,6,'Cadastrar','Cadastrou o fornecedor de compra: Biohosp Produtos Hospitalares S/a (45)','2024-05-15 12:21:43'),(163,6,'Cadastrar','Cadastrou a nota de compra: 658388 (71)','2024-05-15 12:23:50'),(164,6,'Cadastrar','Cadastrou a nota de compra: 143605 (72)','2024-05-15 12:24:28'),(165,6,'Cadastrar','Cadastrou a nota de compra: 1577876 (73)','2024-05-15 12:25:41'),(166,6,'Cadastrar','Cadastrou o fornecedor de compra: Fastlamp Com Ltda Me (46)','2024-05-15 12:26:13'),(167,6,'Cadastrar','Cadastrou a nota de compra: 27377 (74)','2024-05-15 12:26:44'),(168,6,'Cadastrar','Cadastrou a nota de compra: 1637 (75)','2024-05-15 12:30:23'),(169,6,'Cadastrar','Cadastrou a nota de compra: 542490 (76)','2024-05-15 12:31:59'),(170,6,'Cadastrar','Cadastrou a nota de compra: 645804 (77)','2024-05-15 12:32:26'),(171,6,'Cadastrar','Cadastrou a nota de compra: 636669 (78)','2024-05-15 12:32:56'),(172,6,'Editar','Editou a nota de compra: 645804 (77)','2024-05-15 12:33:11'),(173,6,'Cadastrar','Cadastrou a nota de compra: 138103 (79)','2024-05-15 12:33:51'),(174,6,'Cadastrar','Cadastrou o fornecedor de compra: Nacional Comercial Hospitalar S.a (47)','2024-05-15 12:35:17'),(175,6,'Cadastrar','Cadastrou o fornecedor de compra: Medcom Comercio Medicamentos Hospitalares Ltda (48)','2024-05-15 12:35:44'),(176,6,'Cadastrar','Cadastrou a nota de compra: 92060 (80)','2024-05-15 12:36:27'),(177,6,'Cadastrar','Cadastrou a nota de compra: 30,84 (81)','2024-05-15 12:36:52'),(178,6,'Cadastrar','Cadastrou a nota de compra: 931157 (82)','2024-05-15 12:37:34'),(179,6,'Cadastrar','Cadastrou a nota de compra: 8651248 (83)','2024-05-18 11:33:16'),(180,6,'Cadastrar','Cadastrou a nota de compra: 8673638 (84)','2024-05-18 11:34:06'),(181,6,'Cadastrar','Cadastrou a nota de compra: 8685083 (85)','2024-05-18 11:34:40'),(182,6,'Cadastrar','Cadastrou a nota de compra: 2952564 (86)','2024-05-18 11:35:59'),(183,6,'Cadastrar','Cadastrou o fornecedor de compra: Suntech Supplies Ind E Com De Produtosoticos E Esp Ltda (49)','2024-05-18 11:37:09'),(184,6,'Cadastrar','Cadastrou a nota de compra: 147176 (87)','2024-05-18 11:37:43'),(185,6,'Editar','Editou a nota de compra: 147176 (87)','2024-05-18 11:38:00'),(186,6,'Editar','Editou a nota de compra: 8651248 (83)','2024-05-18 12:25:41'),(187,6,'Editar','Editou a nota de compra: 270710 (81)','2024-05-20 11:09:37'),(188,6,'Cadastrar','Cadastrou a nota de compra: 8685619 (88)','2024-05-22 16:10:06'),(189,6,'Cadastrar','Cadastrou a nota de compra: 96969 (89)','2024-05-22 16:10:37'),(190,6,'Cadastrar','Cadastrou o fornecedor de compra: Samatec Comerce Servicos E Peças Ltda (50)','2024-05-22 16:11:29'),(191,6,'Cadastrar','Cadastrou a nota de compra: 620292 (90)','2024-05-22 16:12:25'),(192,6,'Cadastrar','Cadastrou a nota de compra: 202162 (91)','2024-05-22 16:12:59'),(193,6,'Cadastrar','Cadastrou a nota de compra: 138580 (92)','2024-05-22 16:13:25'),(194,6,'Cadastrar','Cadastrou a nota de compra: 1581737 (93)','2024-05-22 16:13:58'),(195,6,'Cadastrar','Cadastrou a nota de compra: 523123 (94)','2024-05-22 16:14:39'),(196,6,'Cadastrar','Cadastrou a nota de compra: 1579281 (95)','2024-05-22 16:15:04'),(197,6,'Cadastrar','Cadastrou o fornecedor de compra: Kalunga Sa (51)','2024-05-22 16:15:31'),(198,6,'Cadastrar','Cadastrou a nota de compra: 13481067 (96)','2024-05-22 16:16:00'),(199,6,'Cadastrar','Cadastrou a nota de compra: 652423 (97)','2024-05-22 16:16:31'),(200,6,'Cadastrar','Cadastrou a nota de compra: 546790 (98)','2024-05-22 16:17:04'),(201,6,'Cadastrar','Cadastrou a nota de compra: 645575 (99)','2024-05-22 16:17:51'),(202,6,'Cadastrar','Cadastrou a nota de compra: 647445 (100)','2024-05-22 16:18:14'),(203,6,'Cadastrar','Cadastrou a nota de compra: 657874 (101)','2024-05-22 16:18:45'),(204,6,'Cadastrar','Cadastrou a nota de compra: 1579676 (102)','2024-05-22 16:19:17'),(205,6,'Cadastrar','Cadastrou o fornecedor de compra: Bausch+lomb (52)','2024-05-22 16:20:22'),(206,6,'Cadastrar','Cadastrou a nota de compra: 524652 (103)','2024-05-22 16:20:48'),(207,6,'Cadastrar','Cadastrou a nota de compra: 524652 (104)','2024-05-22 16:20:48'),(208,6,'Cadastrar','Cadastrou a nota de compra: 1581836 (105)','2024-05-22 16:21:14'),(209,6,'Cadastrar','Cadastrou a nota de compra: 1582292 (106)','2024-05-22 16:21:40'),(210,6,'Cadastrar','Cadastrou a nota de compra: 1581982 (107)','2024-05-22 16:22:09'),(211,6,'Cadastrar','Cadastrou a nota de compra: 659430 (108)','2024-05-22 16:22:32'),(212,6,'Cadastrar','Cadastrou a nota de compra: 2371856 (109)','2024-05-22 16:23:00'),(213,6,'Cadastrar','Cadastrou a nota de compra: 646932 (110)','2024-05-22 16:23:24'),(214,6,'Cadastrar','Cadastrou a nota de compra: 1581286 (111)','2024-05-22 16:23:51'),(215,6,'Cadastrar','Cadastrou a nota de compra: 8708020 (112)','2024-05-27 16:03:23'),(216,6,'Cadastrar','Cadastrou a nota de compra: 8700930 (113)','2024-05-27 16:03:45'),(217,6,'Cadastrar','Cadastrou a nota de compra: 661342 (114)','2024-05-27 16:04:18'),(218,6,'Cadastrar','Cadastrou a nota de compra: 1583222 (115)','2024-05-27 16:04:41'),(219,6,'Cadastrar','Cadastrou a nota de compra: 661340 (116)','2024-05-27 16:05:03'),(220,6,'Cadastrar','Cadastrou a nota de compra: 661337 (117)','2024-05-27 16:05:26'),(221,6,'Cadastrar','Cadastrou a nota de compra: 1584013 (118)','2024-05-27 16:05:52'),(222,6,'Cadastrar','Cadastrou a nota de compra: 1583860 (119)','2024-05-27 16:06:14'),(223,6,'Cadastrar','Cadastrou a nota de compra: 1584223 (120)','2024-05-27 16:06:38'),(224,6,'Cadastrar','Cadastrou a nota de compra: 643963 (121)','2024-05-27 16:09:13'),(225,6,'Cadastrar','Cadastrou a nota de compra: 239238 (122)','2024-05-27 16:09:42'),(226,6,'Cadastrar','Cadastrou a nota de compra: 13452 (123)','2024-05-27 16:10:07'),(227,6,'Cadastrar','Cadastrou a nota de compra: 1647 (124)','2024-05-27 16:10:53'),(228,6,'Cadastrar','Cadastrou a nota de compra: 444717 (125)','2024-05-27 16:17:36'),(229,6,'Cadastrar','Cadastrou o fornecedor de compra: Jms Impressao Em 3d Ltda (53)','2024-05-31 09:24:24'),(230,6,'Cadastrar','Cadastrou o fornecedor de compra: Rafael Silva Santos (54)','2024-05-31 09:24:40'),(231,6,'Cadastrar','Cadastrou o fornecedor de compra: Rpg Venda Atacadista Ltda (55)','2024-05-31 09:25:03'),(232,6,'Cadastrar','Cadastrou o fornecedor de compra: Thais Regina Do Nascimento Silva (56)','2024-05-31 09:25:37'),(233,6,'Cadastrar','Cadastrou o fornecedor de compra: V. Paula Souza Marcondes Comercio (57)','2024-05-31 09:26:03'),(234,6,'Cadastrar','Cadastrou a nota de compra: 1339 (126)','2024-05-31 09:26:35'),(235,6,'Cadastrar','Cadastrou a nota de compra: 188250 (127)','2024-05-31 09:27:04'),(236,6,'Cadastrar','Cadastrou a nota de compra: ATACADISTA (128)','2024-05-31 09:27:31'),(237,6,'Cadastrar','Cadastrou a nota de compra: 8054 (129)','2024-05-31 09:28:12'),(238,6,'Cadastrar','Cadastrou a nota de compra: 13570 (130)','2024-05-31 09:30:32'),(239,6,'Cadastrar','Cadastrou o fornecedor de compra: Medserv Suprimentos Medico Hospitalares (58)','2024-05-31 10:05:08'),(240,6,'Cadastrar','Cadastrou a nota de compra: 8803 (131)','2024-05-31 10:05:42'),(241,6,'Cadastrar','Cadastrou a nota de compra: 444717 (132)','2024-05-31 10:06:32'),(242,6,'Cadastrar','Cadastrou a nota de compra: 144772 (133)','2024-05-31 10:08:38'),(243,6,'Cadastrar','Cadastrou a nota de compra: 2377671 (134)','2024-05-31 10:09:18'),(244,6,'Cadastrar','Cadastrou a nota de compra: 445366 (135)','2024-05-31 10:10:08'),(245,6,'Cadastrar','Cadastrou a nota de compra: 239238 (136)','2024-06-06 10:56:13'),(246,6,'Cadastrar','Cadastrou a nota de compra: 239647 (137)','2024-06-06 10:56:39'),(247,6,'Cadastrar','Cadastrou a nota de compra: 658023 (138)','2024-06-06 10:57:05'),(248,6,'Cadastrar','Cadastrou a nota de compra: 8728105 (139)','2024-06-06 10:58:14'),(249,6,'Cadastrar','Cadastrou a nota de compra: 1587767 (140)','2024-06-06 10:58:45'),(250,6,'Cadastrar','Cadastrou a nota de compra: 2388208 (141)','2024-06-06 10:59:13'),(251,6,'Cadastrar','Cadastrou a nota de compra: 1583208 (142)','2024-06-06 10:59:43'),(252,6,'Cadastrar','Cadastrou a nota de compra: 1586944 (143)','2024-06-06 11:00:10'),(253,6,'Cadastrar','Cadastrou a nota de compra: 8717561 (144)','2024-06-06 11:00:37'),(254,6,'Editar','Editou a nota de compra: 8717561 (144)','2024-06-06 11:01:11'),(255,6,'Cadastrar','Cadastrou a nota de compra: 2960255 (145)','2024-06-06 11:01:57'),(256,6,'Cadastrar','Cadastrou o fornecedor de compra: Elfa Medicamentos S.a (59)','2024-06-06 11:02:43'),(257,6,'Cadastrar','Cadastrou a nota de compra: 628582 (146)','2024-06-06 11:03:05'),(258,6,'Cadastrar','Cadastrou o fornecedor de compra: Alcon Brasil Cuidados Com A Saude (60)','2024-06-06 11:05:04'),(259,6,'Cadastrar','Cadastrou a nota de compra: 550838 (147)','2024-06-06 11:05:42'),(260,6,'Cadastrar','Cadastrou a nota de compra: 1584031 (148)','2024-06-06 11:06:16'),(261,6,'Cadastrar','Cadastrou a nota de compra: 1586633 (149)','2024-06-06 11:06:41'),(262,6,'Cadastrar','Cadastrou a nota de compra: 8727793 (150)','2024-06-06 11:07:41'),(263,6,'Cadastrar','Cadastrou a categoria de compra: Uniforme (11)','2024-06-07 16:08:51'),(264,6,'Cadastrar','Cadastrou o fornecedor de compra: Lojas Irmaos Comercio De Variedades (63)','2024-06-07 16:11:03'),(265,6,'Cadastrar','Cadastrou a nota de compra: 3061 (151)','2024-06-07 16:11:57'),(266,6,'Cadastrar','Cadastrou a nota de compra: 3093 (152)','2024-06-07 16:12:33'),(267,6,'Cadastrar','Cadastrou a nota de compra: 8673634 (153)','2024-06-08 11:21:17'),(268,6,'Cadastrar','Cadastrou a nota de compra: 558083 (154)','2024-06-08 11:21:46'),(269,6,'Cadastrar','Cadastrou a nota de compra: 1587557 (155)','2024-06-08 11:22:10'),(270,6,'Cadastrar','Cadastrou a nota de compra: 1587556 (156)','2024-06-08 11:22:35'),(271,6,'Cadastrar','Cadastrou a nota de compra: 1587555 (157)','2024-06-08 11:22:55'),(272,6,'Cadastrar','Cadastrou a nota de compra: 679460 (158)','2024-06-08 11:23:22'),(273,6,'Cadastrar','Cadastrou a nota de compra: 676259 (159)','2024-06-08 11:23:48'),(274,6,'Cadastrar','Cadastrou a nota de compra: 240101 (160)','2024-06-08 11:24:12'),(275,6,'Cadastrar','Cadastrou o fornecedor de compra: Oxidetoni Equip Ind E Medicinais Ltda (64)','2024-06-08 11:25:00'),(276,6,'Desativar','Desativou a nota de compra (132)','2024-06-11 15:04:15'),(277,6,'Editar','Editou a nota de compra: 238305 (67)','2024-06-11 15:15:10'),(278,6,'Editar','Editou a nota de compra: 5732 (60)','2024-06-11 15:16:41'),(279,6,'Desativar','Desativou a nota de compra (136)','2024-06-11 15:16:57'),(280,6,'Editar','Editou a nota de compra: 239647 (137)','2024-06-11 15:17:40'),(281,6,'Cadastrar','Cadastrou a nota de compra: 237988 (161)','2024-06-11 15:23:20'),(282,6,'Editar','Editou a nota de compra: 1582292 (106)','2024-06-11 15:30:38'),(283,6,'Cadastrar','Cadastrou a nota de compra: 139551 (162)','2024-06-12 11:50:37'),(284,6,'Cadastrar','Cadastrou a nota de compra: 145916 (163)','2024-06-12 11:55:56'),(285,6,'Cadastrar','Cadastrou o fornecedor de compra: Medjet Ltda (65)','2024-06-12 11:56:24'),(286,6,'Cadastrar','Cadastrou o fornecedor de compra: Mack Medical Importacao E Exportacao Ltda (66)','2024-06-12 12:01:34'),(287,6,'Cadastrar','Cadastrou a nota de compra: 124728 (164)','2024-06-12 12:21:59'),(288,6,'Cadastrar','Cadastrou a nota de compra: 5441 (165)','2024-06-12 12:22:22'),(289,6,'Cadastrar','Cadastrou a nota de compra: 61719 (166)','2024-06-12 12:22:49'),(290,6,'Cadastrar','Cadastrou a nota de compra: 9075 (167)','2024-06-12 12:23:26'),(291,6,'Cadastrar','Cadastrou a nota de compra: 9136 (168)','2024-06-13 13:00:02'),(292,6,'Cadastrar','Cadastrou a nota de compra: 1487279 (170)','2024-06-13 13:02:54'),(293,6,'Cadastrar','Cadastrou a nota de compra: 669506 (171)','2024-06-13 13:05:24'),(294,6,'Cadastrar','Cadastrou a nota de compra: 615589 (172)','2024-06-14 15:13:36'),(295,6,'Cadastrar','Cadastrou a nota de compra: 1588867 (173)','2024-06-14 15:15:11'),(296,6,'Cadastrar','Cadastrou a nota de compra: 2401438 (174)','2024-06-14 15:15:35'),(297,6,'Cadastrar','Cadastrou a nota de compra: 1589493 (175)','2024-06-14 15:22:11'),(298,6,'Cadastrar','Cadastrou a nota de compra: 1589494 (176)','2024-06-14 15:27:47'),(299,6,'Cadastrar','Cadastrou a nota de compra: 684582 (177)','2024-06-14 15:28:17'),(300,6,'Cadastrar','Cadastrou a nota de compra: 686199 (178)','2024-06-14 15:28:49'),(301,6,'Cadastrar','Cadastrou a nota de compra: 1589518 (179)','2024-06-17 09:33:17'),(302,6,'Cadastrar','Cadastrou a nota de compra: 1588727 (180)','2024-06-17 09:33:41'),(303,6,'Cadastrar','Cadastrou a nota de compra: 679760 (181)','2024-06-17 09:34:04'),(304,6,'Cadastrar','Cadastrou a nota de compra: 689780 (182)','2024-06-17 09:34:29'),(305,6,'Cadastrar','Cadastrou o fornecedor de compra: Mei Ley Bazar Presentes (67)','2024-06-25 09:32:24'),(306,6,'Cadastrar','Cadastrou o fornecedor de compra: Teram Ltda (68)','2024-06-25 09:32:44'),(307,6,'Cadastrar','Cadastrou o fornecedor de compra: Rob Sol Industria Ltda (69)','2024-06-25 09:33:18'),(308,6,'Cadastrar','Cadastrou o fornecedor de compra: Seven Formulas (70)','2024-06-25 09:33:57'),(309,6,'Cadastrar','Cadastrou o fornecedor de compra: Fullsteel Ltda (71)','2024-06-25 09:34:18'),(310,6,'Cadastrar','Cadastrou a nota de compra: 700498 (187)','2024-06-25 09:50:16'),(311,6,'Cadastrar','Cadastrou a nota de compra: 1591570 (188)','2024-06-25 09:52:18'),(312,6,'Cadastrar','Cadastrou a nota de compra: 1656 (189)','2024-06-25 09:52:48'),(313,6,'Cadastrar','Cadastrou a nota de compra: 691716 (190)','2024-06-25 09:53:30'),(314,6,'Cadastrar','Cadastrou a nota de compra: 691715 (191)','2024-06-25 09:53:56'),(315,6,'Cadastrar','Cadastrou a nota de compra: 146640 (192)','2024-06-25 09:54:20'),(316,6,'Cadastrar','Cadastrou a nota de compra: 47344 (193)','2024-06-25 09:54:54'),(317,6,'Cadastrar','Cadastrou a nota de compra: 689716 (194)','2024-06-25 09:55:18'),(318,6,'Cadastrar','Cadastrou a nota de compra: 693664 (195)','2024-06-25 09:55:48'),(319,6,'Cadastrar','Cadastrou a nota de compra: 2410467 (196)','2024-06-25 09:56:13'),(320,6,'Cadastrar','Cadastrou a nota de compra: 1589676 (197)','2024-06-25 09:56:35'),(321,6,'Cadastrar','Cadastrou a nota de compra: 534010 (198)','2024-06-25 09:57:01'),(322,6,'Cadastrar','Cadastrou a nota de compra: 1591072 (199)','2024-06-25 09:57:28'),(323,6,'Cadastrar','Cadastrou a nota de compra: 13608093 (200)','2024-06-25 09:57:53'),(324,6,'Cadastrar','Cadastrou a nota de compra: 72918 (201)','2024-06-25 09:58:16'),(325,6,'Cadastrar','Cadastrou a nota de compra: 4028 (202)','2024-06-25 09:58:53'),(326,6,'Editar','Editou a nota de compra: 47344 (193)','2024-06-25 09:59:07'),(327,6,'Cadastrar','Cadastrou a nota de compra: 2575 (203)','2024-06-25 09:59:45'),(328,6,'Cadastrar','Cadastrou a nota de compra: 8769713 (204)','2024-06-25 10:01:13'),(329,6,'Cadastrar','Cadastrou a categoria de compra: Ativo Fixo (12)','2024-06-25 17:24:36'),(330,6,'Cadastrar','Cadastrou a categoria de compra: Equipamentos (13)','2024-06-25 17:24:47'),(331,6,'Cadastrar','Cadastrou o fornecedor de compra: Magazine Luiza S/a (72)','2024-06-25 17:25:03'),(332,6,'Cadastrar','Cadastrou o fornecedor de compra: Mercado Livre (73)','2024-06-25 17:28:46'),(333,6,'Cadastrar','Cadastrou o fornecedor de compra: Mercado Livre (74)','2024-06-25 17:29:02'),(334,6,'Cadastrar','Cadastrou o fornecedor de compra: Mercado Livre (75)','2024-06-25 17:29:13'),(335,6,'Cadastrar','Cadastrou a nota de compra: 1523224 (205)','2024-06-25 17:30:29'),(336,6,'Cadastrar','Cadastrou a nota de compra: 93847 (206)','2024-06-25 17:33:25'),(337,6,'Cadastrar','Cadastrou a nota de compra: 530579 (207)','2024-06-25 17:35:33'),(338,6,'Cadastrar','Cadastrou a nota de compra: 213925 (208)','2024-06-25 17:36:22'),(339,6,'Cadastrar','Cadastrou a nota de compra: 8747 (209)','2024-06-25 17:36:52'),(340,6,'Cadastrar','Cadastrou a nota de compra: 35908 (210)','2024-06-26 15:52:34'),(341,6,'Cadastrar','Cadastrou a nota de compra: 181 (212)','2024-06-26 15:53:32'),(342,6,'Cadastrar','Cadastrou a nota de compra: 1592281 (215)','2024-06-29 10:15:13'),(343,6,'Cadastrar','Cadastrou a nota de compra: 691509 (216)','2024-06-29 10:15:36'),(344,6,'Cadastrar','Cadastrou a nota de compra: 1663 (217)','2024-06-29 10:16:03'),(345,6,'Cadastrar','Cadastrou a nota de compra: 54327 (218)','2024-06-29 10:16:31'),(346,6,'Cadastrar','Cadastrou a nota de compra: 1662 (219)','2024-06-29 10:17:00'),(347,6,'Cadastrar','Cadastrou a nota de compra: 8800440 (220)','2024-07-06 11:03:23'),(348,6,'Cadastrar','Cadastrou a nota de compra: 8801896 (221)','2024-07-06 11:04:05'),(349,6,'Cadastrar','Cadastrou a nota de compra: 8800448 (222)','2024-07-06 11:05:16'),(350,6,'Cadastrar','Cadastrou o fornecedor de compra: Maria Sueme (76)','2024-07-06 11:06:06'),(351,6,'Cadastrar','Cadastrou a nota de compra: 1186 (223)','2024-07-06 11:06:42'),(352,6,'Editar','Editou a nota de compra: 1186 (223)','2024-07-06 11:06:50'),(353,6,'Cadastrar','Cadastrou a nota de compra: 1187 (224)','2024-07-06 11:07:25'),(354,6,'Cadastrar','Cadastrou a nota de compra: 8800468 (225)','2024-07-06 11:10:43'),(355,6,'Cadastrar','Cadastrou a nota de compra: 8797257 (226)','2024-07-06 11:11:24'),(356,6,'Editar','Editou a nota de compra: 8801896 (221)','2024-07-06 11:12:28'),(357,6,'Cadastrar','Cadastrou a nota de compra: 698233 (228)','2024-07-06 11:30:42'),(358,6,'Cadastrar','Cadastrou a nota de compra: 13674 (229)','2024-07-06 11:31:11'),(359,6,'Cadastrar','Cadastrou a nota de compra: 2416566 (230)','2024-07-06 11:31:55'),(360,6,'Cadastrar','Cadastrou a nota de compra: 1595836 (231)','2024-07-06 11:32:20'),(361,6,'Cadastrar','Cadastrou a nota de compra: 1595557 (232)','2024-07-06 11:32:42'),(362,6,'Cadastrar','Cadastrou a nota de compra: 1596097 (235)','2024-07-06 11:34:34'),(363,6,'Cadastrar','Cadastrou a nota de compra: 711655 (236)','2024-07-06 11:35:01'),(364,6,'Cadastrar','Cadastrou a nota de compra: 704889 (237)','2024-07-06 11:35:27'),(365,6,'Cadastrar','Cadastrou a nota de compra: 1666 (238)','2024-07-06 11:35:55'),(366,6,'Cadastrar','Cadastrou a nota de compra: 715413 (239)','2024-07-06 11:36:29'),(367,6,'Cadastrar','Cadastrou a nota de compra: 430146 (240)','2024-07-06 11:36:57'),(368,6,'Cadastrar','Cadastrou a nota de compra: 1596953 (243)','2024-07-06 11:50:45'),(369,6,'Cadastrar','Cadastrou a nota de compra: 571899 (245)','2024-07-06 11:51:17'),(370,6,'Cadastrar','Cadastrou a nota de compra: 1510112 (247)','2024-07-08 09:47:49'),(371,6,'Cadastrar','Cadastrou a nota de compra: 717137 (248)','2024-07-08 09:48:31'),(372,6,'Cadastrar','Cadastrou a nota de compra: 1596461 (249)','2024-07-08 09:48:59'),(373,6,'Cadastrar','Cadastrou a nota de compra: 13746 (250)','2024-07-15 12:48:32'),(374,6,'Cadastrar','Cadastrou a nota de compra: 8820411 (251)','2024-07-15 12:50:18'),(375,6,'Cadastrar','Cadastrou a nota de compra: 8818029 (252)','2024-07-15 12:50:55'),(376,6,'Editar','Editou a nota de compra: 8820411 (251)','2024-07-15 12:51:15'),(377,6,'Cadastrar','Cadastrou a nota de compra: 8814145 (253)','2024-07-15 12:52:00'),(378,6,'Cadastrar','Cadastrou a nota de compra: 13757 (255)','2024-07-15 12:53:20'),(379,6,'Cadastrar','Cadastrou a nota de compra: 2432724 (256)','2024-07-15 12:53:52'),(380,6,'Cadastrar','Cadastrou a nota de compra: 188708 (257)','2024-07-15 12:54:21'),(381,6,'Cadastrar','Cadastrou o fornecedor de compra: Suntech Supplies Ind Com Prod Oticos (77)','2024-07-15 12:56:02'),(382,6,'Cadastrar','Cadastrou a nota de compra: 151042 (258)','2024-07-15 12:57:06'),(383,6,'Cadastrar','Cadastrou a nota de compra: 151033 (259)','2024-07-15 12:57:58'),(384,6,'Cadastrar','Cadastrou a nota de compra: 8823039 (260)','2024-07-15 12:58:43'),(385,6,'Cadastrar','Cadastrou a nota de compra: 151041 (261)','2024-07-15 13:00:16'),(386,6,'Cadastrar','Cadastrou a nota de compra: 8822258 (262)','2024-07-15 13:01:10'),(387,6,'Cadastrar','Cadastrou a nota de compra: 727377 (264)','2024-07-15 17:16:26'),(388,6,'Cadastrar','Cadastrou a nota de compra: 721078 (265)','2024-07-16 11:11:08'),(389,6,'Cadastrar','Cadastrou o fornecedor de compra: Mm Service (78)','2024-07-16 11:13:00'),(390,6,'Cadastrar','Cadastrou a nota de compra: 10287 (266)','2024-07-16 11:13:45'),(391,6,'Cadastrar','Cadastrou o fornecedor de compra: Ferragens Yamashiro (79)','2024-07-22 11:11:16'),(392,6,'Cadastrar','Cadastrou o fornecedor de compra: Caex ComunicaÇÃo Visual (80)','2024-07-22 11:11:41'),(393,6,'Cadastrar','Cadastrou a nota de compra: 653421 (267)','2024-07-22 11:12:07'),(394,6,'Cadastrar','Cadastrou a nota de compra: 695245 (268)','2024-07-22 11:12:49'),(395,6,'Cadastrar','Cadastrou a nota de compra: 12446 (269)','2024-07-22 11:13:17'),(396,6,'Cadastrar','Cadastrou a nota de compra: 729048 (270)','2024-07-22 11:14:33'),(397,6,'Cadastrar','Cadastrou a nota de compra: 728971 (271)','2024-07-22 11:15:35'),(398,6,'Cadastrar','Cadastrou a nota de compra: 578333 (272)','2024-07-22 11:16:20'),(399,6,'Cadastrar','Cadastrou a nota de compra: 14182 (273)','2024-07-22 11:16:40'),(400,6,'Cadastrar','Cadastrou a nota de compra: 6593 (274)','2024-07-22 11:17:01'),(401,6,'Cadastrar','Cadastrou a nota de compra: 577033 (275)','2024-07-22 11:17:30'),(402,6,'Cadastrar','Cadastrou a nota de compra: 8830895 (276)','2024-07-22 11:18:00'),(403,6,'Cadastrar','Cadastrou o fornecedor de compra: Orthopedic Prod Cirurgicos (81)','2024-07-23 17:33:44'),(404,6,'Cadastrar','Cadastrou o fornecedor de compra: Fenix Prod Cirurgicos (82)','2024-07-23 17:34:16'),(405,6,'Cadastrar','Cadastrou o fornecedor de compra: Tempolimp Embalagens (83)','2024-07-23 17:34:42'),(406,6,'Cadastrar','Cadastrou a nota de compra: 1117605 (277)','2024-07-23 17:35:16'),(407,6,'Cadastrar','Cadastrou a nota de compra: 1828 (278)','2024-07-23 17:36:00'),(408,6,'Cadastrar','Cadastrou a nota de compra: 648420 (279)','2024-07-23 17:36:24'),(409,6,'Editar','Editou a nota de compra: 661340 (116)','2024-07-31 11:15:46'),(410,6,'Cadastrar','Cadastrou a nota de compra: 2990911 (280)','2024-07-31 11:33:18'),(411,6,'Cadastrar','Cadastrou a nota de compra: 8857954 (281)','2024-07-31 11:34:17'),(412,6,'Editar','Editou a nota de compra: 8857954 (281)','2024-07-31 11:34:33'),(413,6,'Editar','Editou a nota de compra: 2990911 (280)','2024-07-31 11:34:52'),(414,6,'Cadastrar','Cadastrou a nota de compra: 8846713 (282)','2024-07-31 11:35:47'),(415,6,'Cadastrar','Cadastrou a nota de compra: 8845102 (283)','2024-07-31 11:36:18'),(416,6,'Cadastrar','Cadastrou a nota de compra: 152069 (284)','2024-07-31 11:36:54'),(417,6,'Cadastrar','Cadastrou a nota de compra: 51310 (285)','2024-07-31 11:37:21'),(418,6,'Cadastrar','Cadastrou a nota de compra: 2988606 (286)','2024-07-31 11:37:58'),(419,6,'Cadastrar','Cadastrou a nota de compra: 2990482 (287)','2024-07-31 11:38:36'),(420,6,'Cadastrar','Cadastrou o fornecedor de compra: Smart Id-com E Serv De Informatica (84)','2024-07-31 11:45:49'),(421,6,'Cadastrar','Cadastrou a nota de compra: 23528 (288)','2024-07-31 11:46:25'),(422,6,'Cadastrar','Cadastrou o fornecedor de compra: Neppe Materiais Eletricos (85)','2024-07-31 11:49:03'),(423,6,'Cadastrar','Cadastrou a categoria de compra: Lenco Magico (14)','2024-07-31 11:50:38'),(424,6,'Cadastrar','Cadastrou o fornecedor de compra: Daff Industrial Ltda (86)','2024-07-31 11:51:03'),(425,6,'Cadastrar','Cadastrou a nota de compra: 316407 (289)','2024-07-31 11:52:59'),(426,6,'Cadastrar','Cadastrou a nota de compra: 35869 (290)','2024-07-31 11:54:00'),(427,6,'Cadastrar','Cadastrou a nota de compra: 2442894 (291)','2024-07-31 11:54:31'),(428,6,'Cadastrar','Cadastrou a nota de compra: 1601657 (292)','2024-07-31 11:55:29'),(429,6,'Cadastrar','Cadastrou a nota de compra: 1600189 (293)','2024-07-31 11:55:55'),(430,6,'Cadastrar','Cadastrou a nota de compra: 2444195 (294)','2024-07-31 11:56:30'),(431,6,'Cadastrar','Cadastrou a nota de compra: 13711663 (295)','2024-07-31 11:58:10'),(432,6,'Editar','Editou a nota de compra: 23528 (288)','2024-07-31 11:58:54'),(433,6,'Cadastrar','Cadastrou a nota de compra: 433247 (296)','2024-07-31 11:59:31'),(434,6,'Cadastrar','Cadastrou o fornecedor de compra: R.goncalves Suprimentos Medicos Ltda (87)','2024-07-31 12:01:17'),(435,6,'Cadastrar','Cadastrou a nota de compra: 752461 (297)','2024-07-31 12:01:44'),(436,6,'Cadastrar','Cadastrou o fornecedor de compra: 39914 (88)','2024-07-31 12:11:47'),(437,6,'Cadastrar','Cadastrou o fornecedor de compra: 739373 (89)','2024-07-31 12:14:02'),(438,6,'Cadastrar','Cadastrou o fornecedor de compra: 732664 (90)','2024-07-31 12:15:03'),(439,6,'Cadastrar','Cadastrou o fornecedor de compra: 2447010 (91)','2024-07-31 12:15:31'),(440,6,'Cadastrar','Cadastrou a nota de compra: 39914 (298)','2024-07-31 12:16:40'),(441,6,'Cadastrar','Cadastrou a nota de compra: 739373 (299)','2024-07-31 12:17:16'),(442,6,'Cadastrar','Cadastrou a nota de compra: 732664 (300)','2024-07-31 12:18:16'),(443,6,'Cadastrar','Cadastrou a nota de compra: 2447010 (301)','2024-07-31 12:18:44'),(444,6,'Cadastrar','Cadastrou a nota de compra: 1600092 (302)','2024-07-31 12:21:05'),(445,6,'Cadastrar','Cadastrou a nota de compra: 1599481 (303)','2024-07-31 12:21:59'),(446,6,'Cadastrar','Cadastrou a nota de compra: 1597657 (304)','2024-07-31 12:22:27'),(447,6,'Cadastrar','Cadastrou a nota de compra: 1598651 (305)','2024-07-31 12:22:55'),(448,6,'Cadastrar','Cadastrou a nota de compra: 1600998 (306)','2024-07-31 12:23:18'),(449,6,'Cadastrar','Cadastrou a nota de compra: 189289 (307)','2024-07-31 12:23:59'),(450,6,'Cadastrar','Cadastrou a nota de compra: 580628 (308)','2024-07-31 12:24:51'),(451,1,'Cadastrar','Cadastrou a compra/pedido de Título: teste e Empresa: Clínica Parque','2024-08-01 11:00:17'),(452,1,'Cadastrar','Cadastrou a compra/pedido de Título: 3x Teclados e Empresa: 1','2024-08-01 11:13:25'),(453,1,'Cadastrar','Cadastrou a compra/pedido de Título: 3x Computadores e Empresa: 1','2024-08-01 11:24:28'),(454,1,'Editar','Editou a compra/pedido de ID: 2 e Empresa: 1','2024-08-01 11:33:20'),(455,1,'Confirmar','Confirmou a compra do pedido de ID: 3','2024-08-01 12:15:42'),(456,1,'Confirmar','Confirmou a compra do pedido de ID: 3','2024-08-01 12:17:24'),(457,1,'Cadastrar','Cadastrou a compra/pedido de Título: 3x Kits e Empresa: 1','2024-08-01 12:36:16'),(458,6,'Confirmar','Confirmou a compra do pedido de ID: 4','2024-08-01 12:48:05'),(459,6,'Negar','Negou a compra do pedido de ID: 2','2024-08-01 12:48:18'),(460,1,'Cancelar Compra','Cancelou a confirmação da compra do pedido de ID: 3','2024-08-02 08:30:41'),(461,1,'Negar','Negou a compra do pedido de ID: 3','2024-08-02 08:30:45'),(462,6,'Cadastrar','Cadastrou a nota de compra: 150144 (309)','2024-08-02 16:02:13'),(463,6,'Cadastrar','Cadastrou a nota de compra: 11782 (310)','2024-08-02 16:02:45'),(464,6,'Cadastrar','Cadastrou a nota de compra: 740090 (311)','2024-08-02 16:03:22'),(465,6,'Cadastrar','Cadastrou a nota de compra: 2992793 (312)','2024-08-02 16:03:51'),(466,5,'Cadastrar','Cadastrou a compra/pedido de Título: Teste2 e Empresa: 1','2024-08-03 10:05:43'),(467,5,'Negar','Negou a compra do pedido de ID: 5','2024-08-03 10:05:47'),(468,5,'Cancelar Negação','Cancelou a negação do pedido de ID: 5','2024-08-03 10:05:50'),(469,5,'Desativar','Desativou a compra/pedido de ID: 5','2024-08-03 10:42:47'),(470,1,'Negar','Negou a compra do pedido de ID: 5','2024-08-03 11:17:09'),(471,6,'Editar','Editou a nota de compra: 2988606 (286)','2024-08-07 10:46:07'),(472,6,'Editar','Editou a nota de compra: 147176 (87)','2024-08-07 10:48:44'),(473,6,'Desativar','Desativou o fornecedor de compra Suntech Supplies Ind E Com De Produtosoticos E Esp Ltda (49)','2024-08-07 10:48:54'),(474,6,'Editar','Editou a nota de compra: 8800448 (222)','2024-08-07 10:58:06'),(475,6,'Cadastrar','Cadastrou a nota de compra: 962090 (316)','2024-08-07 12:15:37'),(476,6,'Cadastrar','Cadastrou a nota de compra: 209 (317)','2024-08-07 12:15:59'),(477,6,'Cadastrar','Cadastrou a nota de compra: 747417 (319)','2024-08-07 12:17:07'),(478,6,'Cadastrar','Cadastrou a nota de compra: 745490 (320)','2024-08-07 12:17:40'),(479,6,'Cadastrar','Cadastrou o fornecedor de compra: Cirúrgica Fernandes (92)','2024-08-08 16:02:59'),(480,6,'Cadastrar','Cadastrou a nota de compra: 1754829 (321)','2024-08-08 16:03:45'),(481,6,'Cadastrar','Cadastrou a nota de compra: 150551 (322)','2024-08-08 16:06:48'),(482,6,'Desativar','Desativou a nota de compra (322)','2024-08-08 16:07:20'),(483,6,'Cadastrar','Cadastrou o fornecedor de compra: Zox Telecom (93)','2024-08-08 16:07:50'),(484,6,'Cadastrar','Cadastrou a nota de compra: 538221 (323)','2024-08-08 16:08:34'),(485,6,'Cadastrar','Cadastrou a nota de compra: 758116 (324)','2024-08-08 16:09:03'),(486,6,'Cadastrar','Cadastrou a nota de compra: 11867 (325)','2024-08-08 16:09:38'),(487,6,'Cadastrar','Cadastrou o fornecedor de compra: Drogaria Efarma (94)','2024-08-08 16:10:10'),(488,6,'Cadastrar','Cadastrou a nota de compra: 11363 (326)','2024-08-08 16:10:38'),(489,6,'Cadastrar','Cadastrou a nota de compra: 5423 (327)','2024-08-08 16:11:24'),(490,6,'Cadastrar','Cadastrou a nota de compra: 1536509 (328)','2024-08-08 16:11:53'),(491,6,'Cadastrar','Cadastrou a nota de compra: 142002 (329)','2024-08-08 16:12:22'),(492,6,'Cadastrar','Cadastrou a categoria de compra: Aquisicao (15)','2024-08-08 16:13:34'),(493,6,'Cadastrar','Cadastrou o fornecedor de compra: Bel Micro Tecnologia (95)','2024-08-08 16:14:12'),(494,6,'Cadastrar','Cadastrou a nota de compra: 13967 (330)','2024-08-08 16:15:00'),(495,1,'Cadastrar','Cadastrou a campanha financeira: Campanha 63 (1)','2024-08-14 09:02:13'),(496,1,'Cancelar Negação','Cancelou a negação do pedido de ID: 2','2024-08-14 11:23:52'),(497,1,'Negar','Negou a compra do pedido de ID: 2','2024-08-14 11:24:04'),(498,6,'Cadastrar','Cadastrou a nota de compra: 2468989 (331)','2024-08-14 15:45:59'),(499,6,'Cadastrar','Cadastrou a nota de compra: 1600999 (332)','2024-08-14 15:46:34'),(500,6,'Cadastrar','Cadastrou a nota de compra: 1602436 (333)','2024-08-14 15:47:04'),(501,6,'Cadastrar','Cadastrou a nota de compra: 1606954 (334)','2024-08-14 15:47:34'),(502,6,'Cadastrar','Cadastrou a nota de compra: 545616 (335)','2024-08-14 15:48:45'),(503,6,'Cadastrar','Cadastrou a nota de compra: 545632 (336)','2024-08-14 15:49:29'),(504,6,'Cadastrar','Cadastrou a nota de compra: 745242 (337)','2024-08-14 15:50:01'),(505,6,'Cadastrar','Cadastrou a nota de compra: 13964 (339)','2024-08-14 15:52:14'),(506,6,'Cadastrar','Cadastrou a nota de compra: 189927 (340)','2024-08-14 15:52:52'),(507,6,'Cadastrar','Cadastrou a nota de compra: 2464296 (341)','2024-08-14 15:53:33'),(508,6,'Cadastrar','Cadastrou a nota de compra: 2459353 (342)','2024-08-14 15:54:35'),(509,6,'Cadastrar','Cadastrou a nota de compra: 1605317 (343)','2024-08-14 15:55:05'),(510,6,'Cadastrar','Cadastrou a nota de compra: 8886813 (345)','2024-08-14 15:57:07'),(511,6,'Cadastrar','Cadastrou a nota de compra: 10593 (346)','2024-08-14 15:58:02'),(512,6,'Cadastrar','Cadastrou o fornecedor de compra: Nova Limp Com De Embalagens (96)','2024-08-14 15:58:46'),(513,6,'Cadastrar','Cadastrou a nota de compra: 921788 (347)','2024-08-14 15:59:30'),(514,6,'Cadastrar','Cadastrou a nota de compra: 52458 (348)','2024-08-14 15:59:54'),(515,6,'Editar','Editou a nota de compra: 52458 (348)','2024-08-14 16:00:53'),(516,6,'Cadastrar','Cadastrou o fornecedor de compra: J.e Comercio De Oculos Ltda (97)','2024-08-14 16:02:29'),(517,6,'Cadastrar','Cadastrou a nota de compra: 6942 (349)','2024-08-14 16:02:52'),(518,6,'Cadastrar','Cadastrou a nota de compra: 6943 (350)','2024-08-14 16:03:51'),(519,6,'Cadastrar','Cadastrou a nota de compra: 6944 (351)','2024-08-14 16:04:48'),(520,6,'Editar','Editou a nota de compra: 6944 (351)','2024-08-14 16:04:56'),(521,6,'Editar','Editou a nota de compra: 6943 (350)','2024-08-14 16:05:09'),(522,6,'Editar','Editou a nota de compra: 6942 (349)','2024-08-14 16:05:26'),(523,3,'Cadastrar','Cadastrou o usuário: Josefina Da Silva Sauro (7)','2024-08-15 09:17:26'),(524,3,'Cadastrar','Cadastrou o setor: Ótica (4)','2024-08-15 09:18:17'),(525,3,'Editar','Editou o usuário: Josefina Da Silva Sauro (7)','2024-08-15 09:19:13'),(526,3,'Cadastrar','Cadastrou o usuário: João Do Pão (8)','2024-08-15 09:21:30'),(527,1,'Cadastrar','Cadastrou o boleto financeiro: 43985 (1)','2024-08-15 09:54:34'),(528,1,'Cadastrar','Cadastrou o boleto financeiro: 43985 (1)','2024-08-15 09:56:25'),(529,1,'Cadastrar','Cadastrou o boleto financeiro: 43985 (1)','2024-08-15 09:58:28'),(530,1,'Cadastrar','Cadastrou a campanha financeira: Campanha 62 (2)','2024-08-15 10:48:56'),(531,1,'Cadastrar','Cadastrou o boleto financeiro: 44059 (2)','2024-08-15 10:50:24'),(532,6,'Cadastrar','Cadastrou o fornecedor de compra: Oftalcom Ind E Com Ltda (98)','2024-08-15 11:08:32'),(533,6,'Cadastrar','Cadastrou a nota de compra: 3275 (352)','2024-08-15 11:11:26'),(534,6,'Cadastrar','Cadastrou a nota de compra: 1608589 (353)','2024-08-15 11:12:33'),(535,6,'Cadastrar','Cadastrou a nota de compra: 1608590 (354)','2024-08-15 11:13:13'),(536,6,'Cadastrar','Cadastrou a nota de compra: 75230 (355)','2024-08-15 11:13:41'),(537,1,'Editar','Editou o boleto financeiro: 43985 (1)','2024-08-15 12:05:04'),(538,1,'Editar','Editou o boleto financeiro: 43985 (1)','2024-08-15 12:06:26'),(539,1,'Editar','Editou o boleto financeiro: 43985 (1)','2024-08-15 12:16:53'),(540,1,'Editar','Editou o boleto financeiro: 43985 (1)','2024-08-15 12:17:00'),(541,1,'Desativar','Desativou o boleto financeiro 43985(1)','2024-08-15 12:22:49'),(542,1,'Desativar','Desativou o boleto financeiro 43985(1)','2024-08-15 12:23:18'),(543,1,'Desativar','Desativou o boleto financeiro 43985(1)','2024-08-15 12:24:41'),(544,1,'Cadastrar Pagamento','Registrou pagamento do boleto: 1 no valor de R$ 629.7','2024-08-15 12:34:03'),(545,1,'Cadastrar Pagamento','Registrou pagamento do boleto: 1 no valor de R$ 629.8','2024-08-15 12:49:13'),(546,1,'Cadastrar Pagamento','Registrou pagamento do boleto: 1 no valor de R$ 629.7','2024-08-15 12:49:18'),(547,1,'Cadastrar Pagamento','Registrou pagamento do boleto: 1 no valor de R$ 629.9','2024-08-15 12:50:07'),(548,1,'Cadastrar Pagamento','Registrou pagamento do boleto: 1 no valor de R$ 629.7','2024-08-15 12:50:12'),(549,1,'Editar','Editou o boleto financeiro: 43985 (1)','2024-08-16 08:19:38'),(550,1,'Cadastrar Pagamento','Registrou pagamento do boleto: 1 no valor de R$ 629.7','2024-08-16 08:36:37'),(551,1,'Editar','Editou o usuário: Josefina Da Silva Sauro (7)','2024-08-16 08:52:06'),(552,1,'Cadastrar','Cadastrou a compra/pedido de Título: 3x Memoria Ram 8GB e Empresa: 1','2024-08-16 09:04:37'),(553,1,'Confirmar','Confirmou a compra do pedido de ID: 6','2024-08-16 09:04:39'),(554,1,'Editar','Editou o usuário: Kaique Rodrigues De Souza (1)','2024-08-16 09:07:32'),(555,1,'Editar','Editou o usuário: Kaique Rodrigues De Souza (1)','2024-08-16 09:07:47'),(556,1,'Editar','Editou o usuário: Kaique Rodrigues De Souza (1)','2024-08-16 09:11:04'),(557,1,'Editar','Editou o usuário: Kaique Rodrigues De Souza (1)','2024-08-16 09:15:32'),(558,1,'Cadastrar','Cadastrou o boleto financeiro: 43986 (3)','2024-08-16 09:19:59'),(559,1,'Cadastrar Pagamento','Registrou pagamento do boleto: 3 no valor de R$ 500','2024-08-16 09:20:38'),(560,1,'Cadastrar Pagamento','Registrou pagamento do boleto: 3 no valor de R$ 500','2024-08-16 09:20:49'),(561,1,'Cadastrar Pagamento','Registrou pagamento do boleto: 3 no valor de R$ 500','2024-08-16 09:21:08'),(562,1,'Cadastrar','Cadastrou a campanha financeira: Campanha 61 (3)','2024-08-16 09:22:21'),(563,1,'Cadastrar','Cadastrou o boleto financeiro: 43987 (4)','2024-08-16 09:22:33'),(564,6,'Cadastrar','Cadastrou a nota de compra: 151293 (356)','2024-08-16 12:45:07'),(565,6,'Cadastrar','Cadastrou o fornecedor de compra: Gilmed Distribuidora Descartaveis (99)','2024-08-16 12:45:59'),(566,6,'Cadastrar','Cadastrou a nota de compra: 4034 (357)','2024-08-16 12:46:41'),(567,3,'Cadastrar','Cadastrou o usuário: Josefino Soares (9)','2024-08-16 12:56:06'),(568,1,'Cadastrar','Cadastrou o boleto financeiro: 416615 (5)','2024-08-18 15:30:42'),(569,1,'Desativar','Desativou o usuário Josefina Da Silva Sauro (7)','2024-08-20 09:11:23'),(570,1,'Desativar','Desativou o usuário Josefino Soares (9)','2024-08-20 09:11:25'),(571,1,'Desativar','Desativou o usuário João Do Pão (8)','2024-08-20 09:11:29'),(572,1,'Cadastrar','Cadastrou o usuário: Ana Maria Montanher Viana (10)','2024-08-20 09:15:08'),(573,1,'Cadastrar','Cadastrou o usuário: Alan De Mello (11)','2024-08-20 09:17:00'),(574,1,'Cadastrar','Cadastrou o usuário: Suzana Jodar Alfaro Baldenebro (12)','2024-08-20 09:18:52'),(575,1,'Cadastrar','Cadastrou o usuário: Sttefani Yohana Silva Cerqueira (13)','2024-08-20 09:20:48'),(576,1,'Cadastrar','Cadastrou o usuário: Sibely Maria Siqueira Fernandes (14)','2024-08-20 09:22:47'),(577,1,'Editar','Editou o usuário: Sibely Maria Siqueira Fernandes (14)','2024-08-20 09:23:27'),(578,1,'Cadastrar','Cadastrou o usuário: Sueli Aparecida Ortiz Porta (15)','2024-08-20 10:29:24'),(579,15,'Cadastrar','Cadastrou a campanha financeira: Campanha 62 (1)','2024-08-20 10:30:25'),(580,15,'Cadastrar','Cadastrou o boleto financeiro: 44059 (1)','2024-08-20 10:31:31'),(581,15,'Cadastrar Pagamento','Registrou pagamento do boleto: 1 no valor de R$ 900.00','2024-08-20 10:32:12'),(582,15,'Cadastrar','Cadastrou o boleto financeiro: 44430 (2)','2024-08-20 10:34:35'),(583,15,'Cadastrar Pagamento','Registrou pagamento do boleto: 2 no valor de R$ 900.00','2024-08-20 10:34:56'),(584,15,'Cadastrar','Cadastrou o boleto financeiro: 44046 (3)','2024-08-20 10:38:39'),(585,15,'Editar','Editou o boleto financeiro: 44046 (3)','2024-08-20 10:43:55'),(586,15,'Cadastrar','Cadastrou o boleto financeiro: 44215 (4)','2024-08-20 10:52:13'),(587,15,'Cadastrar','Cadastrou o boleto financeiro: 44331 (5)','2024-08-20 10:57:48'),(588,15,'Cadastrar','Cadastrou o boleto financeiro: 44430 (6)','2024-08-20 10:59:22'),(589,15,'Desativar','Desativou o boleto financeiro 44430(6)','2024-08-20 11:00:00'),(590,15,'Cadastrar','Cadastrou o boleto financeiro: 43985 (7)','2024-08-20 11:04:41'),(591,15,'Cadastrar','Cadastrou o boleto financeiro: 44153 (8)','2024-08-20 11:05:58'),(592,15,'Cadastrar Pagamento','Registrou pagamento do boleto: 8 no valor de R$ 1972.26','2024-08-20 11:06:46'),(593,15,'Cadastrar','Cadastrou o boleto financeiro: 44197 (9)','2024-08-20 11:07:46'),(594,15,'Cadastrar','Cadastrou o boleto financeiro: 44276 (10)','2024-08-20 11:09:04'),(595,15,'Cadastrar','Cadastrou o boleto financeiro: 44289 (11)','2024-08-20 11:09:55'),(596,15,'Cadastrar Pagamento','Registrou pagamento do boleto: 11 no valor de R$ 800.00','2024-08-20 11:10:16'),(597,15,'Cadastrar','Cadastrou o boleto financeiro: 44324 (12)','2024-08-20 11:11:09'),(598,15,'Cadastrar Pagamento','Registrou pagamento do boleto: 12 no valor de R$ 250.00','2024-08-20 11:11:33'),(599,15,'Cadastrar','Cadastrou o boleto financeiro: 44202 (13)','2024-08-20 11:12:38'),(600,15,'Cadastrar Pagamento','Registrou pagamento do boleto: 13 no valor de R$ 1100.00','2024-08-20 11:12:59'),(601,15,'Cadastrar','Cadastrou o boleto financeiro: 43972 (14)','2024-08-20 11:17:21'),(602,15,'Cadastrar Pagamento','Registrou pagamento do boleto: 14 no valor de R$ 1800.00','2024-08-20 11:18:37'),(603,15,'Cadastrar','Cadastrou o boleto financeiro: 44078 (15)','2024-08-20 11:58:03'),(604,15,'Cadastrar Pagamento','Registrou pagamento do boleto: 15 no valor de R$ 1455.80','2024-08-20 11:58:27'),(605,1,'Cadastrar','Cadastrou o usuário: Terezinha De Jesus Jordão De França (16)','2024-08-20 12:03:12'),(606,1,'Cadastrar','Cadastrou o setor: Financeiro (5)','2024-08-20 12:03:19'),(607,1,'Cadastrar','Cadastrou o cargo: Coordenador(a) Financeiro (20)','2024-08-20 12:03:38'),(608,1,'Editar','Editou o usuário: Terezinha De Jesus Jordão De França (16)','2024-08-20 12:04:01'),(609,1,'Editar','Editou o usuário: Terezinha De Jesus Jordão De França (16)','2024-08-20 12:04:15'),(610,15,'Cadastrar','Cadastrou o boleto financeiro: 44097 (16)','2024-08-20 12:04:16'),(611,1,'Editar','Editou o usuário: Sueli Aparecida Ortiz Porta (15)','2024-08-20 12:04:23'),(612,15,'Cadastrar Pagamento','Registrou pagamento do boleto: 16 no valor de R$ 1200.00','2024-08-20 12:05:35'),(613,15,'Cadastrar','Cadastrou o boleto financeiro: 44093 (17)','2024-08-20 12:06:53'),(614,15,'Cadastrar Pagamento','Registrou pagamento do boleto: 17 no valor de R$ 3400.00','2024-08-20 12:07:48'),(615,15,'Cadastrar','Cadastrou o boleto financeiro: 43977 (18)','2024-08-20 12:11:03'),(616,15,'Cadastrar Pagamento','Registrou pagamento do boleto: 18 no valor de R$ 1000.00','2024-08-20 12:15:09'),(617,15,'Cadastrar','Cadastrou o boleto financeiro: 44120 (19)','2024-08-20 12:16:38'),(618,15,'Cadastrar Pagamento','Registrou pagamento do boleto: 19 no valor de R$ 591.50','2024-08-20 12:17:11'),(619,15,'Cadastrar','Cadastrou o boleto financeiro: 44230 (20)','2024-08-20 12:19:31'),(620,15,'Cadastrar Pagamento','Registrou pagamento do boleto: 20 no valor de R$ 900.00','2024-08-20 12:19:56'),(621,15,'Cadastrar','Cadastrou o boleto financeiro: 44239 (21)','2024-08-20 12:21:37'),(622,15,'Cadastrar Pagamento','Registrou pagamento do boleto: 21 no valor de R$ 1690.00','2024-08-20 12:22:02'),(623,15,'Cadastrar','Cadastrou o boleto financeiro: 44342 (22)','2024-08-20 12:23:26'),(624,15,'Cadastrar Pagamento','Registrou pagamento do boleto: 22 no valor de R$ 690.00','2024-08-20 12:23:46'),(625,15,'Cadastrar','Cadastrou o boleto financeiro: 44421 (23)','2024-08-20 12:24:41'),(626,15,'Cadastrar Pagamento','Registrou pagamento do boleto: 23 no valor de R$ 400.00','2024-08-20 12:25:01'),(627,1,'Cadastrar','Cadastrou o usuário: Caio Henrique Paniza Cordeiro (17)','2024-08-20 12:25:03'),(628,15,'Cadastrar','Cadastrou o boleto financeiro: 44361 (24)','2024-08-20 12:26:08'),(629,15,'Cadastrar Pagamento','Registrou pagamento do boleto: 24 no valor de R$ 2800.00','2024-08-20 12:26:34'),(630,1,'Cadastrar','Cadastrou o usuário: Greicy Kelly Aparecida De Carvalho (18)','2024-08-20 12:30:22'),(631,1,'Cadastrar','Cadastrou o usuário: Stephanie Gabriele Da Silva Almeida (19)','2024-08-20 12:36:10'),(632,1,'Editar','Editou o usuário: Stephanie Gabriele Da Silva Almeida (19)','2024-08-20 12:39:11'),(633,1,'Alterou Avatar','Kaique Rodrigues De Souza Alterou seu própio avatar','2024-08-20 15:15:33'),(634,1,'Alterou Avatar','Kaique Rodrigues De Souza Alterou seu própio avatar','2024-08-20 15:15:36'),(635,1,'Alterou Avatar','Kaique Rodrigues De Souza Alterou seu própio avatar','2024-08-20 15:15:38'),(636,1,'Alterou Avatar','Kaique Rodrigues De Souza Alterou seu própio avatar para (2)','2024-08-20 15:19:27'),(637,1,'Alterou Avatar','Kaique Rodrigues De Souza Alterou seu própio avatar para (5)','2024-08-20 15:19:29'),(638,1,'Alterou Avatar','Kaique Rodrigues De Souza Alterou seu própio avatar para (18)','2024-08-20 15:31:31'),(639,15,'Cadastrar','Cadastrou o boleto financeiro: 44296 (25)','2024-08-20 16:27:19'),(640,15,'Cadastrar','Cadastrou o boleto financeiro: 44414 (26)','2024-08-20 16:30:14'),(641,1,'Cadastrar','Cadastrou a compra/pedido de Título: Cabo DC 7mm e Empresa: 3','2024-08-21 09:18:43'),(643,6,'Criar Conversa','Criou uma nova conversa (Privado) de ID: 4','2024-08-21 09:30:48'),(644,3,'Alterou Avatar','André dos Santos Alterou seu própio avatar para (14)','2024-08-21 09:36:22'),(645,3,'Alterou Avatar','André dos Santos Alterou seu própio avatar para (0)','2024-08-21 09:36:31'),(646,1,'Criar Conversa','Criou uma nova conversa (Privado) de ID: 5','2024-08-21 10:44:25'),(647,1,'Criar Conversa','Criou uma nova conversa (Privado) de ID: 6','2024-08-21 10:44:50'),(648,1,'Criar Conversa','Criou uma nova conversa (Privado) de ID: 7','2024-08-21 10:46:20'),(649,1,'Criar Conversa','Criou uma nova conversa (Privado) de ID: 8','2024-08-21 11:35:16'),(650,1,'Cadastrar','Cadastrou o usuário: Caio Henrique Batista (20)','2024-08-21 12:03:17'),(651,20,'Alterou Avatar','Caio Henrique Batista Alterou seu própio avatar para (17)','2024-08-21 12:03:50'),(652,20,'Criar Conversa','Criou uma nova conversa (Privado) de ID: 9','2024-08-21 12:11:11'),(653,20,'Criar Conversa','Criou uma nova conversa (Privado) de ID: 10','2024-08-21 12:11:19'),(654,1,'Cadastrar','Cadastrou o cargo: Assistente Financeiro Junior (21)','2024-08-21 12:19:45'),(655,1,'Cadastrar','Cadastrou o cargo: Assistente Financeiro Pleno (22)','2024-08-21 12:19:52'),(656,1,'Cadastrar','Cadastrou o cargo: Assistente Financeiro Sênior (23)','2024-08-21 12:19:54'),(657,1,'Editar','Editou o usuário: Caio Henrique Batista (20)','2024-08-21 12:20:11'),(658,1,'Editar','Editou o cargo: Assistente Recursos Humano (18)','2024-08-21 12:21:08'),(659,1,'Criar Conversa','Criou uma nova conversa (Privado) de ID: 11','2024-08-21 12:26:59'),(660,1,'Criar Conversa','Criou uma nova conversa (Privado) de ID: 12','2024-08-21 12:55:19'),(661,1,'Editar','Editou o usuário: Diego Diniz Flieber Ferreira (4)','2024-08-21 12:57:17'),(662,1,'Editar','Editou o usuário: Diego Diniz Flieber Ferreira (4)','2024-08-21 12:57:34'),(663,3,'Cadastrar','Cadastrou a compra/pedido de Título: Teclado Campimetro e Empresa: 3','2024-08-22 16:45:33'),(664,3,'Editar','Editou a compra/pedido de ID: 8 e Empresa: 3','2024-08-22 16:45:43'),(665,3,'Editar','Editou a compra/pedido de ID: 8 e Empresa: 3','2024-08-23 08:33:33'),(666,3,'Editar','Editou a compra/pedido de ID: 8 e Empresa: 5','2024-08-23 08:35:21'),(667,3,'Cadastrar','Cadastrou a compra/pedido de Título: Telefone e Empresa: 3','2024-08-23 08:38:21'),(668,1,'Cadastrar','Cadastrou o setor: Exames (6)','2024-08-23 08:51:30'),(669,1,'Cadastrar','Cadastrou o setor: Recepção (7)','2024-08-23 08:51:34'),(670,1,'Cadastrar','Cadastrou o setor: Captação (8)','2024-08-23 08:51:41'),(671,1,'Cadastrar','Cadastrou o setor: Médicos (9)','2024-08-23 08:51:53'),(672,1,'Cadastrar','Cadastrou o setor: Call Center (10)','2024-08-23 08:52:07'),(673,3,'Editar','Editou a compra/pedido de ID: 9 e Empresa: 3','2024-08-23 08:56:42'),(674,3,'Editar','Editou a compra/pedido de ID: 7 e Empresa: 5','2024-08-23 08:56:53'),(675,3,'Editar','Editou a compra/pedido de ID: 8 e Empresa: 5','2024-08-23 08:57:11'),(676,1,'Editar','Editou a compra/pedido de ID: 9 e Empresa: 3','2024-08-23 09:45:29'),(677,1,'Criar Conversa','Criou uma nova conversa (Privado) de ID: 13','2024-08-23 11:41:19'),(678,6,'Confirmar','Confirmou a compra do pedido de ID: 8','2024-08-23 11:56:43'),(679,6,'Editar','Editou a compra/pedido de ID: 7 e Empresa: 5','2024-08-23 12:00:51'),(680,3,'Cadastrar','Cadastrou a compra/pedido de Título: Cabo projetor e Empresa: 5','2024-08-26 16:18:25'),(681,1,'Cadastrar','Cadastrou a compra/pedido de Título: 6x Webcam e Empresa: 1','2024-08-27 09:13:36'),(682,1,'Editar','Editou a compra/pedido de ID: 11 e Empresa: 1','2024-08-28 08:36:21'),(683,1,'Confirmar','Confirmou a compra do pedido de ID: 10','2024-08-28 10:11:07'),(684,15,'Cadastrar','Cadastrou a campanha financeira: Campanha 63 (2)','2024-08-28 10:22:40'),(685,15,'Cadastrar','Cadastrou o boleto financeiro: 44633 (27)','2024-08-28 10:25:22'),(686,15,'Cadastrar','Cadastrou o boleto financeiro: 44637 (28)','2024-08-28 10:28:15'),(687,15,'Cadastrar','Cadastrou o boleto financeiro: 44651 (29)','2024-08-28 10:31:09'),(688,15,'Cadastrar','Cadastrou o boleto financeiro: 44646 (30)','2024-08-28 10:32:12'),(689,15,'Cadastrar','Cadastrou o boleto financeiro: 44595 (31)','2024-08-28 10:34:38'),(690,15,'Cadastrar','Cadastrou o boleto financeiro: 44602 (32)','2024-08-28 10:37:02'),(691,15,'Cadastrar','Cadastrou o boleto financeiro: 44594 (33)','2024-08-28 10:38:26'),(692,15,'Cadastrar','Cadastrou o boleto financeiro: 44613 (34)','2024-08-28 10:39:14'),(693,15,'Cadastrar','Cadastrou o boleto financeiro: 44587 (35)','2024-08-28 10:40:43'),(694,15,'Cadastrar','Cadastrou o boleto financeiro: 44564 (36)','2024-08-28 10:41:31'),(695,15,'Cadastrar Pagamento','Registrou pagamento do boleto: 28 no valor de R$ 1400.00','2024-08-28 10:44:50'),(696,1,'Editar','Editou a campanha financeira: Campanha 63 (2)','2024-08-29 10:44:47'),(697,1,'Editar','Editou a campanha financeira: Campanha 63 (2)','2024-08-29 10:45:33'),(698,1,'Editar','Editou a campanha financeira: Campanha 63 (2)','2024-08-29 10:46:07'),(699,1,'Editar','Editou a campanha financeira: Campanha 63 (2)','2024-08-29 10:47:14'),(700,1,'Editar','Editou a campanha financeira: Campanha 63 (2)','2024-08-29 10:48:09'),(701,1,'Editar','Editou a campanha financeira: Campanha 63 (2)','2024-08-29 10:49:25'),(702,15,'Cadastrar','Cadastrou o boleto financeiro: 44666 (37)','2024-08-29 12:18:07'),(703,15,'Cadastrar Pagamento','Registrou pagamento do boleto: 26 no valor de R$ 775.00','2024-08-29 12:20:14'),(704,15,'Editar','Editou o boleto financeiro: 44197 (9)','2024-08-29 12:32:18'),(705,15,'Editar','Editou o boleto financeiro: 44197 (9)','2024-08-29 12:32:45'),(706,15,'Editar','Editou o boleto financeiro: 44197 (9)','2024-08-29 12:33:15'),(707,15,'Cadastrar Pagamento','Registrou pagamento do boleto: 9 no valor de R$ 1159.10','2024-08-29 12:33:38'),(708,15,'Editar','Editou a campanha financeira: Campanha 62 (1)','2024-08-29 12:34:11'),(709,1,'Cadastrar','Cadastrou o chamado: Teste (1)','2024-08-29 12:35:56'),(710,1,'Cadastrar','Cadastrou o chamado: Teste (2)','2024-08-29 12:36:05'),(711,1,'Editar','Editou a compra/pedido de ID: 11 e Empresa: 1','2024-08-30 09:12:33'),(712,1,'Cadastrar','Cadastrou a compra/pedido de Título: Tinta Preta Líquida e Empresa: 1','2024-09-02 09:32:59'),(713,15,'Cadastrar Pagamento','Registrou pagamento do boleto: 32 no valor de R$ 780.00','2024-09-02 09:48:04'),(714,15,'Cadastrar Pagamento','Registrou pagamento do boleto: 27 no valor de R$ 1700.00','2024-09-02 09:49:08'),(715,1,'Cadastrar','Cadastrou a compra/pedido de Título: 2x Telefones e Empresa: 1','2024-09-02 14:54:46'),(716,1,'Confirmar','Confirmou a compra do pedido de ID: 7','2024-09-02 14:57:38'),(717,1,'Cadastrar','Cadastrou a compra/pedido de Título: 2x Computadores Reservas e Empresa: 1','2024-09-02 15:00:11'),(718,1,'Editar','Editou a compra/pedido de ID: 14 e Empresa: 1','2024-09-02 15:00:50'),(719,1,'Desativar','Desativou a compra/pedido de ID: 14','2024-09-02 15:01:23'),(720,15,'Cadastrar','Cadastrou o boleto financeiro: 44704 (38)','2024-09-02 15:33:07'),(721,15,'Cadastrar','Cadastrou o boleto financeiro: 44697 (39)','2024-09-02 15:35:57'),(722,15,'Cadastrar','Cadastrou o boleto financeiro: 44715 (40)','2024-09-02 15:36:58'),(723,1,'Editar','Editou a compra/pedido de ID: 9 e Empresa: 3','2024-09-03 09:56:00'),(724,1,'Editar','Editou a compra/pedido de ID: 13 e Empresa: 1','2024-09-03 09:56:41'),(725,1,'Editar','Editou a compra/pedido de ID: 11 e Empresa: 1','2024-09-03 10:03:25'),(726,1,'Desativar','Desativou a compra/pedido de ID: 9','2024-09-03 10:09:17'),(727,1,'Editar','Editou a compra/pedido de ID: 11 e Empresa: 1','2024-09-03 10:10:55'),(728,6,'Confirmar','Confirmou a compra do pedido de ID: 12','2024-09-04 10:06:39'),(729,15,'Cadastrar','Cadastrou o boleto financeiro: 44731 (41)','2024-09-04 10:09:53'),(730,15,'Cadastrar','Cadastrou o boleto financeiro: 44655 (42)','2024-09-04 10:12:01'),(731,15,'Cadastrar Pagamento','Registrou pagamento do boleto: 33 no valor de R$ 1050.00','2024-09-04 11:11:11'),(732,15,'Cadastrar Pagamento','Registrou pagamento do boleto: 35 no valor de R$ 280.00','2024-09-04 11:12:27'),(733,6,'Cadastrar','Cadastrou a nota de compra: 774870 (358)','2024-09-06 15:09:25'),(734,6,'Cadastrar','Cadastrou a nota de compra: 771379 (359)','2024-09-06 15:09:57'),(735,6,'Cadastrar','Cadastrou a nota de compra: 769690 (360)','2024-09-06 15:11:10'),(736,6,'Cadastrar','Cadastrou a nota de compra: 775069 (361)','2024-09-06 15:13:21'),(737,6,'Cadastrar','Cadastrou a nota de compra: 748765 (362)','2024-09-06 15:13:43'),(738,6,'Cadastrar','Cadastrou a nota de compra: 151620 (363)','2024-09-06 15:14:26'),(739,6,'Cadastrar','Cadastrou a nota de compra: 152000 (364)','2024-09-06 15:14:50'),(740,6,'Cadastrar','Cadastrou a nota de compra: 152513 (365)','2024-09-06 15:15:15'),(741,6,'Cadastrar','Cadastrou a nota de compra: 151372 (367)','2024-09-06 15:16:04'),(742,6,'Cadastrar','Cadastrou a nota de compra: 6673 (369)','2024-09-06 15:17:20'),(743,6,'Cadastrar','Cadastrou a nota de compra: 8854703 (370)','2024-09-06 15:23:49'),(744,6,'Cadastrar','Cadastrou a nota de compra: 8939814 (371)','2024-09-06 15:24:37'),(745,6,'Cadastrar','Cadastrou a nota de compra: 8946235 (373)','2024-09-06 15:29:12'),(746,6,'Cadastrar','Cadastrou a nota de compra: 8939859 (374)','2024-09-06 15:30:01'),(747,6,'Cadastrar','Cadastrou a nota de compra: 8933035 (375)','2024-09-06 15:30:34'),(748,6,'Cadastrar','Cadastrou a nota de compra: 3007364 (376)','2024-09-06 15:31:35'),(749,6,'Cadastrar','Cadastrou a nota de compra: 7001 (377)','2024-09-06 15:32:26'),(750,6,'Cadastrar','Cadastrou a nota de compra: 6999 (378)','2024-09-06 15:33:01'),(751,6,'Cadastrar','Cadastrou a nota de compra: 8906839 (379)','2024-09-06 15:34:22'),(752,6,'Cadastrar','Cadastrou a nota de compra: 8933803 (380)','2024-09-06 15:35:08'),(753,6,'Cadastrar','Cadastrou a nota de compra: 68875 (381)','2024-09-06 15:36:11'),(754,6,'Cadastrar','Cadastrou o fornecedor de compra: Bausch+lomb (100)','2024-09-06 15:36:28'),(755,6,'Editar','Editou a nota de compra: 68875 (381)','2024-09-06 15:36:48'),(756,6,'Cadastrar','Cadastrou a nota de compra: 8918807 (382)','2024-09-06 15:37:19'),(757,6,'Cadastrar','Cadastrou a nota de compra: 1614382 (383)','2024-09-06 15:37:46'),(758,6,'Cadastrar','Cadastrou a nota de compra: 2486528 (384)','2024-09-06 15:38:53'),(759,6,'Cadastrar','Cadastrou o fornecedor de compra: Octa Lab Farmacia De Manipulação (101)','2024-09-06 15:42:31'),(760,6,'Cadastrar','Cadastrou a nota de compra: 133522 (385)','2024-09-06 15:43:03'),(761,6,'Cadastrar','Cadastrou a nota de compra: 14104 (386)','2024-09-06 15:43:33'),(762,6,'Cadastrar','Cadastrou a nota de compra: 1611828 (387)','2024-09-06 15:44:00'),(763,6,'Cadastrar','Cadastrou a nota de compra: 1612815 (388)','2024-09-06 15:44:30'),(764,6,'Cadastrar','Cadastrou a nota de compra: 3281 (389)','2024-09-06 15:44:58'),(765,6,'Cadastrar','Cadastrou a nota de compra: 1611917 (390)','2024-09-06 15:45:22'),(766,6,'Cadastrar','Cadastrou a nota de compra: 595646 (391)','2024-09-06 15:56:18'),(767,6,'Cadastrar','Cadastrou a nota de compra: 1615555 (392)','2024-09-06 15:57:40'),(768,6,'Cadastrar','Cadastrou a nota de compra: 1615573 (393)','2024-09-06 15:58:10'),(769,6,'Cadastrar','Cadastrou a nota de compra: 1614664 (394)','2024-09-06 15:58:52'),(770,6,'Cadastrar','Cadastrou a nota de compra: 777113 (395)','2024-09-06 15:59:37'),(771,6,'Cadastrar','Cadastrou a nota de compra: 8939863 (396)','2024-09-06 16:01:09'),(772,6,'Cadastrar','Cadastrou a nota de compra: 1614767 (397)','2024-09-06 16:02:17'),(773,6,'Cadastrar','Cadastrou a nota de compra: 1610296 (398)','2024-09-06 16:02:40'),(774,6,'Cadastrar','Cadastrou a nota de compra: 7000 (399)','2024-09-06 16:44:01'),(775,15,'Cadastrar Pagamento','Registrou pagamento do boleto: 30 no valor de R$ 1400.00','2024-09-10 10:38:28'),(776,15,'Cadastrar Pagamento','Registrou pagamento do boleto: 36 no valor de R$ 1700.00','2024-09-10 10:39:29'),(777,15,'Cadastrar Pagamento','Registrou pagamento do boleto: 41 no valor de R$ 0800.00','2024-09-10 10:40:28'),(778,15,'Cadastrar','Cadastrou o boleto financeiro: 44788 (43)','2024-09-10 10:42:36'),(779,15,'Cadastrar','Cadastrou o boleto financeiro: 44818 (44)','2024-09-10 10:43:26'),(780,15,'Cadastrar','Cadastrou o boleto financeiro: 44798 (45)','2024-09-10 10:44:13'),(781,15,'Cadastrar','Cadastrou o boleto financeiro: 44814 (46)','2024-09-10 10:44:55'),(782,15,'Cadastrar','Cadastrou o boleto financeiro: 44842 (47)','2024-09-10 10:55:08'),(783,15,'Cadastrar Pagamento','Registrou pagamento do boleto: 40 no valor de R$ 700.00','2024-09-11 09:50:57'),(784,15,'Cadastrar Pagamento','Registrou pagamento do boleto: 39 no valor de R$ 2000.00','2024-09-11 09:53:57'),(785,15,'Cadastrar Pagamento','Registrou pagamento do boleto: 38 no valor de R$ 1500.00','2024-09-11 09:54:33'),(786,15,'Cadastrar Pagamento','Registrou pagamento do boleto: 44 no valor de R$ 740.00','2024-09-11 09:55:08'),(787,15,'Cadastrar','Cadastrou o boleto financeiro: 44861 (48)','2024-09-11 09:56:16'),(788,15,'Cadastrar','Cadastrou o boleto financeiro: 44903 (49)','2024-09-13 10:35:01'),(789,15,'Cadastrar Pagamento','Registrou pagamento do boleto: 34 no valor de R$ 2390.00','2024-09-16 09:06:24'),(790,15,'Cadastrar Pagamento','Registrou pagamento do boleto: 46 no valor de R$ 1300.00','2024-09-16 09:08:52'),(791,15,'Cadastrar Pagamento','Registrou pagamento do boleto: 42 no valor de R$ 1400.00','2024-09-16 09:27:26'),(792,15,'Cadastrar','Cadastrou o boleto financeiro: 44887 (50)','2024-09-16 10:35:52'),(793,15,'Cadastrar','Cadastrou o boleto financeiro: 44889 (51)','2024-09-16 10:36:52'),(794,15,'Cadastrar','Cadastrou o boleto financeiro: 44943 (52)','2024-09-18 09:32:39'),(795,15,'Cadastrar','Cadastrou o boleto financeiro: 44948 (53)','2024-09-18 09:33:32'),(796,15,'Cadastrar','Cadastrou o boleto financeiro: 44942 (54)','2024-09-18 09:34:19'),(797,15,'Cadastrar','Cadastrou o boleto financeiro: 44936 (55)','2024-09-18 09:38:42'),(798,15,'Cadastrar Pagamento','Registrou pagamento do boleto: 37 no valor de R$ 750.00','2024-09-18 09:39:41'),(799,15,'Cadastrar Pagamento','Registrou pagamento do boleto: 48 no valor de R$ 1879.00','2024-09-18 09:41:41'),(800,15,'Cadastrar Pagamento','Registrou pagamento do boleto: 45 no valor de R$ 500.00','2024-09-18 09:42:51'),(801,1,'Alterar Senha','Alterou a senha do usuário: 1','2024-09-23 11:00:01'),(802,1,'Alterar Senha','Alterou a senha do usuário: 1','2024-09-23 11:00:38'),(803,1,'Alterar Senha','Alterou a senha do usuário: 1','2024-09-23 11:20:16'),(804,1,'Alterar Senha','Alterou a senha do usuário: 1','2024-09-23 11:20:38'),(805,1,'Alterar Senha','Alterou a senha do usuário: 1','2024-09-23 11:24:04'),(806,1,'Alterar Senha','Alterou a senha do usuário: 1','2024-09-23 11:24:47'),(807,1,'Cadastrar','Cadastrou a compra/pedido de Título: Alicate de Corte e Empresa: 1','2024-09-24 09:36:16'),(808,1,'Cadastrar','Cadastrou a compra/pedido de Título: Kit de Chaves e Empresa: 1','2024-09-24 09:37:26'),(809,1,'Cadastrar','Cadastrou a compra/pedido de Título: Parafusadeira Elétrica e Empresa: 1','2024-09-24 09:40:25'),(810,1,'Cadastrar','Cadastrou o chamado: Teste (3)','2024-09-24 10:25:11'),(811,1,'Encaminhar','Encaminhou o chamado Teste (1) do setor 1 para o setor 8','2024-09-24 10:53:14'),(812,1,'Concluir','Concluiu o chamado (2): Teste','2024-09-24 12:06:16'),(813,1,'Recusar','Recusou o chamado (2): Teste','2024-09-24 12:20:12'),(814,1,'Concluir','Concluiu o chamado (2): Teste','2024-09-24 12:20:14'),(815,1,'Reabrir','Reabriu o chamado (2): Teste','2024-09-24 12:25:01'),(816,1,'Recusar','Recusou o chamado (2): Teste','2024-09-24 12:25:11'),(817,1,'Reabrir','Reabriu o chamado (2): Teste','2024-09-24 12:25:14'),(818,1,'Iniciar','Iniciou o chamado (2): Teste','2024-09-24 12:29:49'),(819,1,'Concluir','Concluiu o chamado (2): Teste','2024-09-25 08:15:50'),(820,1,'Reabrir','Reabriu o chamado (2): Teste','2024-09-25 08:15:52'),(821,1,'Recusar','Recusou o chamado (2): Teste','2024-09-25 08:15:53'),(822,1,'Reabrir','Reabriu o chamado (2): Teste','2024-09-25 08:15:56'),(823,1,'Iniciar','Iniciou o chamado (2): Teste','2024-09-25 08:15:59'),(824,1,'Recusar','Recusou o chamado (2): Teste','2024-09-25 08:17:03'),(825,1,'Reabrir','Reabriu o chamado (2): Teste','2024-09-25 08:17:08'),(826,1,'Iniciar','Iniciou o chamado (2): Teste','2024-09-25 08:20:35'),(827,1,'Concluir','Concluiu o chamado (2): Teste','2024-09-25 08:20:41'),(828,1,'Reabrir','Reabriu o chamado (2): Teste','2024-09-25 08:20:45'),(829,1,'Concluir','Concluiu o chamado (2): Teste','2024-09-25 08:20:52'),(830,1,'Reabrir','Reabriu o chamado (2): Teste','2024-09-25 08:20:54'),(831,1,'Concluir','Concluiu o chamado (2): Teste','2024-09-25 08:50:39'),(832,1,'Reabrir','Reabriu o chamado (2): Teste','2024-09-25 08:50:41'),(833,1,'Concluir','Concluiu o chamado (2): Teste','2024-09-25 09:05:23'),(834,1,'Reabrir','Reabriu o chamado (2): Teste','2024-09-25 09:05:25'),(835,1,'Iniciar','Iniciou o chamado (2): Teste','2024-09-25 09:12:32'),(836,1,'Recusar','Recusou o chamado (2): Teste','2024-09-25 09:30:46'),(837,1,'Reabrir','Reabriu o chamado (2): Teste','2024-09-25 09:30:48'),(838,1,'Desativar','Desativou o chamado Teste(3)','2024-09-25 09:40:12'),(839,1,'Desativar','Desativou o chamado Teste(3)','2024-09-25 09:40:44'),(840,1,'Desativar','Desativou o chamado Teste(3)','2024-09-25 09:41:05'),(841,1,'Desativar','Desativou o chamado Teste(3)','2024-09-25 09:41:14'),(842,15,'Cadastrar','Cadastrou o boleto financeiro: 44979 (56)','2024-09-25 10:11:08'),(843,15,'Cadastrar','Cadastrou o boleto financeiro: 44976 (57)','2024-09-25 10:12:16'),(844,15,'Cadastrar','Cadastrou o boleto financeiro: 45016 (58)','2024-09-25 10:13:20'),(845,15,'Cadastrar Pagamento','Registrou pagamento do boleto: 31 no valor de R$ 1444.00','2024-09-25 10:15:12'),(846,15,'Cadastrar Pagamento','Registrou pagamento do boleto: 53 no valor de R$ 900.00','2024-09-25 10:17:59'),(847,15,'Cadastrar Pagamento','Registrou pagamento do boleto: 52 no valor de R$ 1000.00','2024-09-25 10:22:45'),(848,15,'Cadastrar Pagamento','Registrou pagamento do boleto: 49 no valor de R$ 2000.00','2024-09-25 10:33:40'),(849,15,'Cadastrar Pagamento','Registrou pagamento do boleto: 47 no valor de R$ 3300.00','2024-09-25 10:36:21'),(850,15,'Cadastrar Pagamento','Registrou pagamento do boleto: 54 no valor de R$ 1050.00','2024-09-25 10:46:42'),(851,15,'Cadastrar Pagamento','Registrou pagamento do boleto: 58 no valor de R$ 830.00','2024-09-25 11:41:22'),(852,15,'Cadastrar','Cadastrou a campanha financeira: Campanha 64 (3)','2024-09-25 16:48:29'),(853,15,'Editar','Editou a campanha financeira: Campanha 64 (3)','2024-09-25 16:49:09'),(854,15,'Cadastrar','Cadastrou o boleto financeiro: 45068 (59)','2024-09-25 16:50:07'),(855,15,'Cadastrar','Cadastrou o boleto financeiro: 45074 (60)','2024-09-25 16:51:31'),(856,15,'Cadastrar','Cadastrou o boleto financeiro: 45091 (61)','2024-09-25 16:53:00'),(857,15,'Cadastrar','Cadastrou o boleto financeiro: 45079 (62)','2024-09-25 16:53:53'),(858,1,'Editar','Editou a compra/pedido de ID: 13 e Empresa: 3','2024-09-26 08:19:52'),(859,1,'Confirmar','Confirmou a compra do pedido de ID: 11','2024-09-26 08:20:04'),(860,15,'Cadastrar Pagamento','Registrou pagamento do boleto: 56 no valor de R$ 210.00','2024-09-26 08:46:25'),(861,6,'Cadastrar','Cadastrou a nota de compra: 153969 (400)','2024-09-27 10:07:47'),(862,6,'Cadastrar','Cadastrou a nota de compra: 13144 (401)','2024-09-27 10:09:13'),(863,6,'Cadastrar','Cadastrou a nota de compra: 854838 (402)','2024-09-27 10:09:56'),(864,6,'Cadastrar','Cadastrou o fornecedor de compra: Comercial Commed Produtos Hosp Ltda (102)','2024-09-27 10:11:16'),(865,6,'Editar','Editou a nota de compra: 854838 (402)','2024-09-27 10:11:40'),(866,6,'Cadastrar','Cadastrou a nota de compra: 191496 (403)','2024-09-27 10:13:56'),(867,6,'Cadastrar','Cadastrou a nota de compra: 2509596 (404)','2024-09-27 10:14:21'),(868,6,'Cadastrar','Cadastrou a nota de compra: 1711 (405)','2024-09-27 10:15:42'),(869,6,'Cadastrar','Cadastrou a nota de compra: 12991 (406)','2024-09-27 10:16:08'),(870,6,'Cadastrar','Cadastrou a nota de compra: 764949 (407)','2024-09-27 10:16:48'),(871,6,'Cadastrar','Cadastrou a nota de compra: 803074 (408)','2024-09-27 10:17:14'),(872,6,'Cadastrar','Cadastrou a nota de compra: 2512029 (409)','2024-09-27 10:17:45'),(873,6,'Cadastrar','Cadastrou a nota de compra: 14161 (410)','2024-09-27 10:18:15'),(874,6,'Cadastrar','Cadastrou a nota de compra: 1620824 (411)','2024-09-27 10:18:48'),(875,6,'Cadastrar','Cadastrou a nota de compra: 606537 (412)','2024-09-27 10:19:13'),(876,6,'Cadastrar','Cadastrou a nota de compra: 153278 (413)','2024-09-27 10:19:43'),(877,6,'Cadastrar','Cadastrou a nota de compra: 787843 (414)','2024-09-27 10:20:27'),(878,6,'Cadastrar','Cadastrou a nota de compra: 789719 (415)','2024-09-27 10:20:55'),(879,6,'Cadastrar','Cadastrou a nota de compra: 1619288 (416)','2024-09-27 10:21:22'),(880,6,'Cadastrar','Cadastrou a nota de compra: 37203 (417)','2024-09-27 10:22:03'),(881,6,'Cadastrar','Cadastrou a nota de compra: 37204 (418)','2024-09-27 10:22:28'),(882,6,'Cadastrar','Cadastrou a nota de compra: 8960142 (419)','2024-09-27 10:23:08'),(883,6,'Editar','Editou a nota de compra: 8960142 (419)','2024-09-27 10:24:31'),(884,6,'Cadastrar','Cadastrou a nota de compra: 1618460 (420)','2024-09-27 10:25:03'),(885,6,'Cadastrar','Cadastrou a nota de compra: 789720 (421)','2024-09-27 10:25:33'),(886,6,'Cadastrar','Cadastrou a nota de compra: 1618156 (422)','2024-09-27 10:26:10'),(887,6,'Cadastrar','Cadastrou a nota de compra: 1618932 (423)','2024-09-27 10:26:38'),(888,6,'Cadastrar','Cadastrou a nota de compra: 1618186 (424)','2024-09-27 10:27:36'),(889,6,'Cadastrar','Cadastrou a nota de compra: 55404 (426)','2024-09-27 10:43:01'),(890,6,'Cadastrar','Cadastrou a nota de compra: 8915191 (427)','2024-09-27 10:43:49'),(891,6,'Cadastrar','Cadastrou a nota de compra: 8967665 (428)','2024-09-27 10:44:31'),(892,6,'Cadastrar','Cadastrou a nota de compra: 1620359 (429)','2024-09-27 10:45:25'),(893,6,'Cadastrar','Cadastrou a nota de compra: 6794 (431)','2024-09-27 10:46:38'),(894,6,'Cadastrar','Cadastrou a nota de compra: 808436 (432)','2024-09-27 10:47:17'),(895,6,'Cadastrar','Cadastrou a nota de compra: 10878 (433)','2024-09-27 10:47:53'),(896,6,'Cadastrar','Cadastrou a nota de compra: 609957 (434)','2024-09-27 10:48:48'),(897,6,'Cadastrar','Cadastrou a nota de compra: 13899024 (435)','2024-09-27 10:49:46'),(898,6,'Cadastrar','Cadastrou o fornecedor de compra: Marcos Rodrigues Variedades Shop Do Boa (103)','2024-09-27 10:54:11'),(899,6,'Cadastrar','Cadastrou a nota de compra: 4249 (436)','2024-09-27 10:54:44'),(900,6,'Cadastrar','Cadastrou a nota de compra: 67488 (437)','2024-09-27 10:55:48'),(901,6,'Cadastrar','Cadastrou o fornecedor de compra: Belaro Comercio De Produtos Opticos Ltda (104)','2024-09-27 10:56:08'),(902,6,'Editar','Editou a nota de compra: 67488 (437)','2024-09-27 10:56:24'),(903,6,'Cadastrar','Cadastrou a nota de compra: 67445 (438)','2024-09-27 10:57:23'),(904,6,'Cadastrar','Cadastrou a nota de compra: 191190 (439)','2024-09-27 10:59:23'),(905,6,'Cadastrar','Cadastrou a nota de compra: 190725 (440)','2024-09-27 10:59:47'),(906,6,'Cadastrar','Cadastrou a nota de compra: 787844 (441)','2024-09-27 11:01:57'),(907,6,'Cadastrar','Cadastrou o fornecedor de compra: Ebazar Com.br Ltda (105)','2024-09-27 11:04:02'),(908,6,'Cadastrar','Cadastrou a nota de compra: 250958 (442)','2024-09-27 11:04:43'),(909,6,'Cadastrar','Cadastrou o fornecedor de compra: Coral Ltda (106)','2024-09-27 11:05:15'),(910,6,'Cadastrar','Cadastrou a nota de compra: 4218 (443)','2024-09-27 11:05:53'),(911,6,'Cadastrar','Cadastrou a nota de compra: 40716 (444)','2024-09-27 11:17:50'),(912,6,'Cadastrar','Cadastrou a nota de compra: 10440 (445)','2024-09-27 11:18:49'),(913,6,'Cadastrar','Cadastrou a nota de compra: 1619834 (446)','2024-09-27 11:20:49'),(914,6,'Cadastrar','Cadastrou a nota de compra: 300 (447)','2024-09-27 11:21:33'),(915,6,'Cadastrar','Cadastrou o fornecedor de compra: Abc Lift Ltda (107)','2024-09-27 11:22:10'),(916,6,'Editar','Editou a nota de compra: 300 (447)','2024-09-27 11:22:24'),(917,6,'Cadastrar','Cadastrou a nota de compra: 11588 (448)','2024-09-27 11:23:42'),(918,6,'Cadastrar','Cadastrou a nota de compra: 801550 (449)','2024-09-27 11:24:32'),(919,6,'Editar','Editou a nota de compra: 152000 (364)','2024-09-27 11:33:09'),(920,1,'Editar','Editou o usuário: Alan De Mello (11)','2024-09-30 08:12:57'),(921,15,'Cadastrar','Cadastrou o boleto financeiro: 45127 (63)','2024-09-30 10:32:29'),(922,15,'Cadastrar','Cadastrou o boleto financeiro: 45130 (64)','2024-09-30 10:33:28'),(923,15,'Cadastrar','Cadastrou o boleto financeiro: 45108 (65)','2024-09-30 10:34:17'),(924,15,'Cadastrar','Cadastrou o boleto financeiro: 45105 (66)','2024-09-30 10:35:01'),(925,15,'Cadastrar','Cadastrou o boleto financeiro: 45104 (67)','2024-09-30 10:35:50'),(926,6,'Cadastrar','Cadastrou a nota de compra: 1625342 (450)','2024-09-30 16:24:01'),(927,6,'Cadastrar','Cadastrou a nota de compra: 1626590 (451)','2024-09-30 16:24:31'),(928,6,'Cadastrar','Cadastrou a nota de compra: 2517318 (452)','2024-09-30 16:24:58'),(929,6,'Cadastrar','Cadastrou a nota de compra: 1626549 (453)','2024-09-30 16:25:28'),(930,6,'Cadastrar','Cadastrou a nota de compra: 811239 (454)','2024-09-30 16:26:00'),(931,6,'Cadastrar','Cadastrou a nota de compra: 815139 (455)','2024-09-30 16:26:28'),(932,1,'Cadastrar','Cadastrou o chamado: Ola (1)','2024-10-01 09:22:59'),(933,1,'Cadastrar','Cadastrou o setor: Médicos (11)','2024-10-01 10:36:16'),(934,1,'Desativar','Desativou o setor Médicos(11)','2024-10-01 10:36:19'),(935,1,'Cadastrar','Cadastrou o cargo: Médico (24)','2024-10-01 10:36:48');
/*!40000 ALTER TABLE `logs` ENABLE KEYS */;
UNLOCK TABLES;

--
-- Table structure for table `medicos`
--

DROP TABLE IF EXISTS `medicos`;
/*!40101 SET @saved_cs_client     = @@character_set_client */;
/*!50503 SET character_set_client = utf8mb4 */;
CREATE TABLE `medicos` (
  `id_medico` int NOT NULL AUTO_INCREMENT,
  `ativo` tinyint NOT NULL DEFAULT '1',
  `nome` varchar(150) NOT NULL,
  `crm` char(11) NOT NULL,
  `created_at` timestamp NULL DEFAULT NULL,
  `updated_at` timestamp NULL DEFAULT NULL,
  `deleted_at` timestamp NULL DEFAULT NULL,
  PRIMARY KEY (`id_medico`)
) ENGINE=InnoDB AUTO_INCREMENT=2 DEFAULT CHARSET=utf8mb4 COLLATE=utf8mb4_0900_ai_ci;
/*!40101 SET character_set_client = @saved_cs_client */;

--
-- Dumping data for table `medicos`
--

LOCK TABLES `medicos` WRITE;
/*!40000 ALTER TABLE `medicos` DISABLE KEYS */;
INSERT INTO `medicos` VALUES (1,1,'Dr Valfrido','20899',NULL,NULL,NULL);
/*!40000 ALTER TABLE `medicos` ENABLE KEYS */;
UNLOCK TABLES;

--
-- Table structure for table `mensagens`
--

DROP TABLE IF EXISTS `mensagens`;
/*!40101 SET @saved_cs_client     = @@character_set_client */;
/*!50503 SET character_set_client = utf8mb4 */;
CREATE TABLE `mensagens` (
  `id_mensagem` int NOT NULL AUTO_INCREMENT,
  `id_usuario` int NOT NULL,
  `mensagem` text NOT NULL,
  `created_at` datetime NOT NULL,
  `updated_at` datetime NOT NULL,
  `deleted_at` datetime DEFAULT NULL,
  PRIMARY KEY (`id_mensagem`),
  KEY `fk_mensangens_chats_usuarios_idx` (`id_usuario`),
  CONSTRAINT `fk_mensangens_usuarios` FOREIGN KEY (`id_usuario`) REFERENCES `usuarios` (`id_usuario`)
) ENGINE=InnoDB AUTO_INCREMENT=28 DEFAULT CHARSET=utf8mb4 COLLATE=utf8mb4_0900_ai_ci;
/*!40101 SET character_set_client = @saved_cs_client */;

--
-- Dumping data for table `mensagens`
--

LOCK TABLES `mensagens` WRITE;
/*!40000 ALTER TABLE `mensagens` DISABLE KEYS */;
INSERT INTO `mensagens` VALUES (1,1,'Olá','2024-08-21 09:22:14','2024-08-21 09:22:14',NULL),(2,1,'Tudo bem?','2024-08-21 09:22:18','2024-08-21 09:22:18',NULL),(3,1,'Olá','2024-08-21 09:29:01','2024-08-21 09:29:01',NULL),(4,6,'Oi','2024-08-21 09:30:55','2024-08-21 09:30:55',NULL),(5,3,'olá','2024-08-21 10:34:47','2024-08-21 10:34:47',NULL),(6,3,'Olá','2024-08-21 10:36:11','2024-08-21 10:36:11',NULL),(7,1,'Salve','2024-08-21 10:36:24','2024-08-21 10:36:24',NULL),(8,1,'Suave?','2024-08-21 10:40:03','2024-08-21 10:40:03',NULL),(9,1,'Como vai a familia?','2024-08-21 10:40:38','2024-08-21 10:40:38',NULL),(10,1,'Eai man','2024-08-21 12:44:24','2024-08-21 12:44:24',NULL),(11,3,'Chora ','2024-08-21 12:47:17','2024-08-21 12:47:17',NULL),(12,4,'Opa','2024-08-21 12:58:05','2024-08-21 12:58:05',NULL),(13,6,'oii','2024-08-23 11:58:03','2024-08-23 11:58:03',NULL),(14,1,'Oi','2024-08-23 11:58:13','2024-08-23 11:58:13',NULL),(15,6,'kaique e Andre  qual a informação do cabo para compra?','2024-08-23 11:59:33','2024-08-23 11:59:33',NULL),(16,1,'Por favor aguardar resposta do suporte do equipamento','2024-08-23 11:59:55','2024-08-23 11:59:55',NULL),(17,6,'como e urgência alta não posso comprar, devido a falta de informações.','2024-08-23 12:00:06','2024-08-23 12:00:06',NULL),(18,3,'Teste','2024-09-28 08:37:52','2024-09-28 08:37:52',NULL),(19,3,'Teste 2','2024-09-28 08:55:56','2024-09-28 08:55:56',NULL),(20,3,'teste 3','2024-09-28 08:56:32','2024-09-28 08:56:32',NULL),(21,3,'Olá','2024-09-28 09:07:36','2024-09-28 09:07:36',NULL),(22,3,'Teste 4','2024-09-28 09:08:42','2024-09-28 09:08:42',NULL),(23,3,'Teste 5','2024-09-28 09:12:14','2024-09-28 09:12:14',NULL),(24,3,'123456789101112131415161718192021222324252627282930','2024-09-28 09:15:08','2024-09-28 09:15:08',NULL),(25,3,'Teste','2024-09-28 09:20:07','2024-09-28 09:20:07',NULL),(26,1,'Salve','2024-09-28 10:01:14','2024-09-28 10:01:14',NULL),(27,1,'Tranquilo?','2024-09-28 10:06:02','2024-09-28 10:06:02',NULL);
/*!40000 ALTER TABLE `mensagens` ENABLE KEYS */;
UNLOCK TABLES;

--
-- Table structure for table `mensagens_lidas`
--

DROP TABLE IF EXISTS `mensagens_lidas`;
/*!40101 SET @saved_cs_client     = @@character_set_client */;
/*!50503 SET character_set_client = utf8mb4 */;
CREATE TABLE `mensagens_lidas` (
  `id_mensagem_lida` int NOT NULL AUTO_INCREMENT,
  `id_mensagem` int NOT NULL,
  `id_usuario` int NOT NULL,
  `lida_em` timestamp NOT NULL,
  PRIMARY KEY (`id_mensagem_lida`)
) ENGINE=MyISAM AUTO_INCREMENT=46 DEFAULT CHARSET=utf8mb4 COLLATE=utf8mb4_0900_ai_ci;
/*!40101 SET character_set_client = @saved_cs_client */;

--
-- Dumping data for table `mensagens_lidas`
--

LOCK TABLES `mensagens_lidas` WRITE;
/*!40000 ALTER TABLE `mensagens_lidas` DISABLE KEYS */;
INSERT INTO `mensagens_lidas` VALUES (1,3,1,'2024-09-28 10:56:48'),(2,13,1,'2024-09-28 10:56:48'),(3,14,1,'2024-09-28 10:56:48'),(4,15,1,'2024-09-28 10:56:48'),(5,16,1,'2024-09-28 10:56:48'),(6,17,1,'2024-09-28 10:56:48'),(7,12,1,'2024-09-28 11:36:13'),(8,1,1,'2024-09-28 11:36:43'),(9,2,1,'2024-09-28 11:36:43'),(10,5,1,'2024-09-28 11:36:43'),(11,6,1,'2024-09-28 11:36:43'),(12,7,1,'2024-09-28 11:36:43'),(13,8,1,'2024-09-28 11:36:43'),(14,9,1,'2024-09-28 11:36:43'),(15,10,1,'2024-09-28 11:36:43'),(16,11,1,'2024-09-28 11:36:43'),(17,1,3,'2024-09-28 11:37:46'),(18,2,3,'2024-09-28 11:37:46'),(19,5,3,'2024-09-28 11:37:46'),(20,6,3,'2024-09-28 11:37:46'),(21,7,3,'2024-09-28 11:37:46'),(22,8,3,'2024-09-28 11:37:46'),(23,9,3,'2024-09-28 11:37:46'),(24,10,3,'2024-09-28 11:37:46'),(25,11,3,'2024-09-28 11:37:46'),(26,18,3,'2024-09-28 11:37:52'),(27,18,1,'2024-09-28 11:43:22'),(28,19,3,'2024-09-28 11:55:56'),(29,19,1,'2024-09-28 11:56:00'),(30,20,3,'2024-09-28 11:56:32'),(31,20,1,'2024-09-28 12:07:02'),(32,21,3,'2024-09-28 12:07:37'),(33,22,3,'2024-09-28 12:08:42'),(34,23,3,'2024-09-28 12:12:14'),(35,24,3,'2024-09-28 12:15:08'),(36,21,1,'2024-09-28 12:19:55'),(37,22,1,'2024-09-28 12:19:55'),(38,23,1,'2024-09-28 12:19:55'),(39,24,1,'2024-09-28 12:19:55'),(40,25,3,'2024-09-28 12:20:07'),(41,25,1,'2024-09-28 12:21:11'),(42,26,1,'2024-09-28 13:01:14'),(43,26,3,'2024-09-28 13:01:16'),(44,27,1,'2024-09-28 13:06:02'),(45,27,3,'2024-09-28 13:07:11');
/*!40000 ALTER TABLE `mensagens_lidas` ENABLE KEYS */;
UNLOCK TABLES;

--
-- Table structure for table `participantes`
--

DROP TABLE IF EXISTS `participantes`;
/*!40101 SET @saved_cs_client     = @@character_set_client */;
/*!50503 SET character_set_client = utf8mb4 */;
CREATE TABLE `participantes` (
  `id_participante` int NOT NULL AUTO_INCREMENT,
  `id_conversa` int NOT NULL,
  `id_usuario` int NOT NULL,
  `created_at` datetime NOT NULL,
  `updated_at` datetime NOT NULL,
  `deleted_at` datetime DEFAULT NULL,
  PRIMARY KEY (`id_participante`),
  KEY `fk_participantes_usuarios_idx` (`id_usuario`),
  KEY `fk_participantes_conversas_idx` (`id_conversa`),
  CONSTRAINT `fk_participantes_conversas` FOREIGN KEY (`id_conversa`) REFERENCES `conversas` (`id_conversa`),
  CONSTRAINT `fk_participantes_usuarios` FOREIGN KEY (`id_usuario`) REFERENCES `usuarios` (`id_usuario`)
) ENGINE=InnoDB AUTO_INCREMENT=27 DEFAULT CHARSET=utf8mb4 COLLATE=utf8mb4_0900_ai_ci;
/*!40101 SET character_set_client = @saved_cs_client */;

--
-- Dumping data for table `participantes`
--

LOCK TABLES `participantes` WRITE;
/*!40000 ALTER TABLE `participantes` DISABLE KEYS */;
INSERT INTO `participantes` VALUES (1,1,1,'2024-08-19 08:03:00','2024-08-19 08:03:00',NULL),(4,1,3,'2024-08-19 08:03:00','2024-08-19 08:03:00',NULL),(5,3,1,'2024-08-21 09:23:37','2024-08-21 09:23:37',NULL),(6,3,6,'2024-08-21 09:23:37','2024-08-21 09:23:37',NULL),(7,4,6,'2024-08-21 09:30:48','2024-08-21 09:30:48',NULL),(8,4,15,'2024-08-21 09:30:48','2024-08-21 09:30:48',NULL),(15,8,1,'2024-08-21 11:35:16','2024-08-21 11:35:16',NULL),(16,8,5,'2024-08-21 11:35:16','2024-08-21 11:35:16',NULL),(17,9,20,'2024-08-21 12:11:11','2024-08-21 12:11:11',NULL),(18,9,15,'2024-08-21 12:11:11','2024-08-21 12:11:11',NULL),(19,10,20,'2024-08-21 12:11:19','2024-08-21 12:11:19',NULL),(20,10,1,'2024-08-21 12:11:19','2024-08-21 12:11:19',NULL),(21,11,1,'2024-08-21 12:26:59','2024-08-21 12:26:59',NULL),(22,11,11,'2024-08-21 12:26:59','2024-08-21 12:26:59',NULL),(23,12,1,'2024-08-21 12:55:19','2024-08-21 12:55:19',NULL),(24,12,4,'2024-08-21 12:55:19','2024-08-21 12:55:19',NULL),(25,13,1,'2024-08-23 11:41:19','2024-08-23 11:41:19',NULL),(26,13,15,'2024-08-23 11:41:19','2024-08-23 11:41:19',NULL);
/*!40000 ALTER TABLE `participantes` ENABLE KEYS */;
UNLOCK TABLES;

--
-- Table structure for table `projetos`
--

DROP TABLE IF EXISTS `projetos`;
/*!40101 SET @saved_cs_client     = @@character_set_client */;
/*!50503 SET character_set_client = utf8mb4 */;
CREATE TABLE `projetos` (
  `id_projeto` int NOT NULL AUTO_INCREMENT,
  `titulo` varchar(100) NOT NULL,
  `id_usuario` int NOT NULL,
  `status` tinyint NOT NULL,
  `descricao` text,
  `data_conclusao` date DEFAULT NULL,
  `created_at` datetime NOT NULL,
  `updated_at` datetime NOT NULL,
  `deleted_at` datetime DEFAULT NULL,
  PRIMARY KEY (`id_projeto`),
  KEY `fk_projeto_usuario_idx` (`id_usuario`),
  CONSTRAINT `fk_projeto_usuario` FOREIGN KEY (`id_usuario`) REFERENCES `usuarios` (`id_usuario`)
) ENGINE=InnoDB AUTO_INCREMENT=2 DEFAULT CHARSET=utf8mb4 COLLATE=utf8mb4_0900_ai_ci;
/*!40101 SET character_set_client = @saved_cs_client */;

--
-- Dumping data for table `projetos`
--

LOCK TABLES `projetos` WRITE;
/*!40000 ALTER TABLE `projetos` DISABLE KEYS */;
INSERT INTO `projetos` VALUES (1,'Teste',1,1,'a','2024-05-20','2024-05-10 08:15:30','2024-05-10 09:03:40',NULL);
/*!40000 ALTER TABLE `projetos` ENABLE KEYS */;
UNLOCK TABLES;

--
-- Table structure for table `setores`
--

DROP TABLE IF EXISTS `setores`;
/*!40101 SET @saved_cs_client     = @@character_set_client */;
/*!50503 SET character_set_client = utf8mb4 */;
CREATE TABLE `setores` (
  `id_setor` int NOT NULL AUTO_INCREMENT,
  `setor` varchar(50) NOT NULL,
  `created_at` datetime NOT NULL,
  `updated_at` datetime NOT NULL,
  `deleted_at` datetime DEFAULT NULL,
  PRIMARY KEY (`id_setor`)
) ENGINE=InnoDB AUTO_INCREMENT=12 DEFAULT CHARSET=utf8mb4 COLLATE=utf8mb4_0900_ai_ci;
/*!40101 SET character_set_client = @saved_cs_client */;

--
-- Dumping data for table `setores`
--

LOCK TABLES `setores` WRITE;
/*!40000 ALTER TABLE `setores` DISABLE KEYS */;
INSERT INTO `setores` VALUES (1,'Tecnologia da Informação','0000-00-00 00:00:00','0000-00-00 00:00:00',NULL),(2,'Recursos Humanos','2024-04-19 08:24:29','2024-04-19 08:49:16',NULL),(3,'Compras','2024-04-23 11:28:02','2024-04-23 11:28:02',NULL),(4,'Ótica','2024-08-15 09:18:17','2024-08-15 09:18:17',NULL),(5,'Financeiro','2024-08-20 12:03:19','2024-08-20 12:03:19',NULL),(6,'Exames','2024-08-23 08:51:30','2024-08-23 08:51:30',NULL),(7,'Recepção','2024-08-23 08:51:34','2024-08-23 08:51:34',NULL),(8,'Captação','2024-08-23 08:51:41','2024-08-23 08:51:41',NULL),(9,'Médicos','2024-08-23 08:51:53','2024-08-23 08:51:53',NULL),(10,'Call Center','2024-08-23 08:52:07','2024-08-23 08:52:07',NULL),(11,'Médicos','2024-10-01 10:36:16','2024-10-01 10:36:16','2024-10-01 10:36:19');
/*!40000 ALTER TABLE `setores` ENABLE KEYS */;
UNLOCK TABLES;

--
-- Table structure for table `usuarios`
--

DROP TABLE IF EXISTS `usuarios`;
/*!40101 SET @saved_cs_client     = @@character_set_client */;
/*!50503 SET character_set_client = utf8mb4 */;
CREATE TABLE `usuarios` (
  `id_usuario` int NOT NULL AUTO_INCREMENT,
  `ativo` tinyint NOT NULL DEFAULT '1',
  `nome` varchar(150) NOT NULL,
  `usuario` varchar(60) NOT NULL,
  `senha` varchar(100) NOT NULL,
  `contrato` int NOT NULL,
  `celular` char(11) DEFAULT NULL,
  `cpf` char(11) NOT NULL,
  `data_nascimento` date NOT NULL,
  `email` varchar(150) DEFAULT NULL,
  `empresa` tinyint NOT NULL,
  `id_setor` int NOT NULL,
  `id_cargo` int NOT NULL,
  `n_folha` varchar(25) DEFAULT NULL,
  `data_admissao` date NOT NULL,
  `id_avatar` tinyint NOT NULL DEFAULT '0',
  `rg` varchar(100) DEFAULT NULL,
  `foto3x4` varchar(100) DEFAULT NULL,
  `residencia` varchar(100) DEFAULT NULL,
  `contrato_nube` varchar(100) DEFAULT NULL,
  `online_at` datetime DEFAULT NULL,
  `created_at` datetime NOT NULL,
  `updated_at` datetime NOT NULL,
  `deleted_at` datetime DEFAULT NULL,
  PRIMARY KEY (`id_usuario`),
  UNIQUE KEY `usuario_UNIQUE` (`usuario`),
  KEY `fk_usuarios_cargos_idx` (`id_cargo`),
  KEY `fk_usuarios_setores_idx` (`id_setor`),
  CONSTRAINT `fk_usuarios_cargos` FOREIGN KEY (`id_cargo`) REFERENCES `cargos` (`id_cargo`),
  CONSTRAINT `fk_usuarios_setores` FOREIGN KEY (`id_setor`) REFERENCES `setores` (`id_setor`)
) ENGINE=InnoDB AUTO_INCREMENT=21 DEFAULT CHARSET=utf8mb4 COLLATE=utf8mb4_0900_ai_ci;
/*!40101 SET character_set_client = @saved_cs_client */;

--
-- Dumping data for table `usuarios`
--

LOCK TABLES `usuarios` WRITE;
/*!40000 ALTER TABLE `usuarios` DISABLE KEYS */;
INSERT INTO `usuarios` VALUES (1,1,'Kaique Rodrigues De Souza','Kaique.Souza','GR7hfK11FliCU',1,'11983469084','37498968878','2004-07-10','',2,1,1,'','2023-11-01',19,'rg.jpg',NULL,NULL,NULL,'2024-10-01 12:43:11','2024-04-17 08:11:30','2024-09-23 11:24:00',NULL),(3,1,'André dos Santos','André.Santos','GRuxKUiOXQSio',0,'11965022187','23863640896','2002-06-24','',2,1,3,'','2022-07-01',20,NULL,NULL,NULL,NULL,'2024-09-28 10:27:56','2024-04-17 08:54:48','2024-04-19 11:34:00',NULL),(4,1,'Diego Diniz Flieber Ferreira','Diego.Diniz','GRN.0n0Z1XZiw',1,'11952450209','50873738870','2005-04-16','',1,1,1,'','2024-05-04',21,NULL,NULL,NULL,NULL,'2024-08-22 14:22:21','2024-04-19 09:00:30','2024-08-21 12:57:00',NULL),(5,1,'Elaine Regina Da Silva','Elaine.Silva','GRLPylnit1wvA',0,'11998519254','28265002874','1978-08-03','',2,2,18,'','2024-02-14',24,NULL,NULL,NULL,NULL,'2024-10-01 11:08:48','2024-04-19 11:53:04','2024-04-19 12:02:00',NULL),(6,1,'Alessandra Vieira Nunes','Alessandra.Nunes','GRovqgYqlmmpk',0,'11958082806','16149457800','1974-09-10','',1,3,19,'','2017-06-06',22,NULL,NULL,NULL,NULL,'2024-09-30 17:04:38','2024-04-23 11:36:22','2024-04-23 11:40:00',NULL),(7,1,'Josefina Da Silva Sauro','Josefina.Sauro','GRLPylnit1wvA',0,'11958082806','125.234.521','2001-02-02','',2,4,9,'','2024-08-15',0,NULL,NULL,NULL,NULL,NULL,'2024-08-15 09:17:26','2024-08-16 08:52:00','2024-08-20 09:11:23'),(8,1,'João Do Pão','João.Pão','GRLPylnit1wvA',0,'11999999999','78965425832','1997-08-15','',4,4,9,'','2022-06-15',0,NULL,NULL,NULL,NULL,NULL,'2024-08-15 09:21:30','2024-08-15 09:21:30','2024-08-20 09:11:29'),(9,1,'Josefino Soares','Josefino.Soares','GRLPylnit1wvA',0,'11965854575','25732199098','2000-06-24','',6,4,9,'','2024-07-02',0,NULL,NULL,NULL,NULL,NULL,'2024-08-16 12:56:06','2024-08-16 12:56:06','2024-08-20 09:11:25'),(10,1,'Ana Maria Montanher Viana','Ana.Viana','GRLPylnit1wvA',0,'11996092425','29544202862','1979-09-25','',2,4,9,'0200000000000000000600','2024-01-05',0,NULL,NULL,NULL,NULL,NULL,'2024-08-20 09:15:08','2024-08-20 09:15:08',NULL),(11,0,'Alan De Mello','Alan.Mello','GRLPylnit1wvA',0,'11988241301','29981822833','1981-02-09','',2,4,9,'0200000000000000000510','2023-09-14',0,NULL,NULL,NULL,NULL,NULL,'2024-08-20 09:17:00','2024-09-30 08:12:00',NULL),(12,1,'Suzana Jodar Alfaro Baldenebro','Suzana.Baldenebro','GRLPylnit1wvA',0,'11996903365','21532713800','1978-11-21','',2,4,9,'0200000000000000000464','2020-02-04',0,NULL,NULL,NULL,NULL,NULL,'2024-08-20 09:18:52','2024-08-20 09:18:52',NULL),(13,1,'Sttefani Yohana Silva Cerqueira','Sttefani.Yohara','GRLPylnit1wvA',0,'11945983588','51040488889','2000-01-08','',2,4,9,'0200000000000000000534','2023-04-10',0,NULL,NULL,NULL,NULL,NULL,'2024-08-20 09:20:48','2024-08-20 09:20:48',NULL),(14,1,'Sibely Maria Siqueira Fernandes','Sibely.Fernandes','GRLPylnit1wvA',0,'11964443224','06436680470','1985-10-30','',2,4,9,'0200000000000000000605','2024-06-05',0,NULL,NULL,NULL,NULL,NULL,'2024-08-20 09:22:47','2024-08-20 09:23:00',NULL),(15,1,'Sueli Aparecida Ortiz Porta','Sueli.Porta','GR9wDG3JqL5fk',2,'11996119990','10485920816','1963-05-17','',1,5,20,'','2004-08-20',23,NULL,NULL,NULL,NULL,'2024-10-01 09:23:45','2024-08-20 10:29:24','2024-08-20 12:04:00',NULL),(16,1,'Terezinha De Jesus Jordão De França','Terezinha.França','GRLPylnit1wvA',0,'11988708994','14940559882','1973-02-23','',6,4,9,'0500000000000000000550','2024-07-24',0,NULL,NULL,NULL,NULL,NULL,'2024-08-20 12:03:12','2024-08-20 12:04:00',NULL),(17,1,'Caio Henrique Paniza Cordeiro','Caio.Cordeiro','GRLPylnit1wvA',0,'11949783722','49939015852','2004-06-27','',4,4,9,'0400000000000000000544','2024-07-17',0,NULL,NULL,NULL,NULL,NULL,'2024-08-20 12:25:03','2024-08-20 12:25:03',NULL),(18,1,'Greicy Kelly Aparecida De Carvalho','Greicy.Carvalho','GRLPylnit1wvA',0,'','31981398805','2024-08-11','',4,4,9,'0400000000000000000436','2024-04-22',0,NULL,NULL,NULL,NULL,NULL,'2024-08-20 12:30:21','2024-08-20 12:30:21',NULL),(19,1,'Stephanie Gabriele Da Silva Almeida','Stephanie.Almeida','GRLPylnit1wvA',0,'11964286255','48852272836','2000-04-02','',4,4,9,'0400000000000000000541','2024-01-10',0,NULL,NULL,NULL,NULL,NULL,'2024-08-20 12:36:09','2024-08-20 12:39:00',NULL),(20,1,'Caio Henrique Batista','Caio.Batista','GRa1CUYHMDjOM',0,'11987923321','48163824883','1999-09-20','',1,5,21,'','2023-01-04',25,NULL,NULL,NULL,NULL,NULL,'2024-08-21 12:03:17','2024-08-21 12:20:00',NULL);
/*!40000 ALTER TABLE `usuarios` ENABLE KEYS */;
UNLOCK TABLES;
/*!40103 SET TIME_ZONE=@OLD_TIME_ZONE */;

/*!40101 SET SQL_MODE=@OLD_SQL_MODE */;
/*!40014 SET FOREIGN_KEY_CHECKS=@OLD_FOREIGN_KEY_CHECKS */;
/*!40014 SET UNIQUE_CHECKS=@OLD_UNIQUE_CHECKS */;
/*!40101 SET CHARACTER_SET_CLIENT=@OLD_CHARACTER_SET_CLIENT */;
/*!40101 SET CHARACTER_SET_RESULTS=@OLD_CHARACTER_SET_RESULTS */;
/*!40101 SET COLLATION_CONNECTION=@OLD_COLLATION_CONNECTION */;
/*!40111 SET SQL_NOTES=@OLD_SQL_NOTES */;

-- Dump completed on 2024-10-01 12:43:35
